option_id,option_text_en,option_order,option_explanation_text_en,is_correct,question_id,answer_id,result_id,user_id,topic_id,legal_topic_mapping_id,option_explanation_text_en_ms,option_explanation_text_en_ne,option_explanation_text_en_bn,option_explanation_text_en_hi
1,"RM1,500",A,"Incorrect - From 1 Aug 2025, the minimum monthly wage is RM1,700 .",False,1,,,,1,9,"Tidak betul - Dari 1 Ogos 2025, upah bulanan minimum ialah RM1,700.","गलत - 1 Aug 2025 बाट, न्यूनतम मासिक ज्याला RM1,700 हो।","ভুল - 1 আগস্ট 2025 থেকে ন্যূনতম মাসিক মজুরি আরএম 1,700।","गलत - 1 अगस्त 2025 से, न्यूनतम मासिक मजदूरी RM1,700 है।"
2,"RM1,600",B,"Incorrect - From 1 Aug 2025, the minimum monthly wage is RM1,700 .",False,1,,,,1,9,"Tidak betul - Dari 1 Ogos 2025, upah bulanan minimum ialah RM1,700.","गलत - 1 Aug 2025 बाट, न्यूनतम मासिक ज्याला RM1,700 हो।","ভুল - 1 আগস্ট 2025 থেকে ন্যূনতম মাসিক মজুরি আরএম 1,700।","गलत - 1 अगस्त 2025 से, न्यूनतम मासिक मजदूरी RM1,700 है।"
3,"RM1,700",C,"Correct - From 1 Aug 2025, the minimum monthly wage is RM1,700 .",True,1,,,,1,9,"Betul - Dari 1 Ogos 2025, upah bulanan minimum ialah RM1,700.","सही - 1 Aug 2025 बाट, न्यूनतम मासिक ज्याला RM1,700 हो।","সঠিক - 1 আগস্ট 2025 থেকে ন্যূনতম মাসিক মজুরি আরএম 1,700।","सही - 1 अगस्त 2025 से, न्यूनतम मासिक वेतन RM1,700 है।"
4,"RM1,800",D,"Incorrect - From 1 Aug 2025, the minimum monthly wage is RM1,700 .",False,1,,,,1,9,"Tidak betul - Dari 1 Ogos 2025, upah bulanan minimum ialah RM1,700.","गलत - 1 Aug 2025 बाट, न्यूनतम मासिक ज्याला RM1,700 हो।","ভুল - 1 আগস্ট 2025 থেকে ন্যূনতম মাসিক মজুরি আরএম 1,700।","गलत - 1 अगस्त 2025 से, न्यूनतम मासिक मजदूरी RM1,700 है।"
5,40,A,Incorrect - 45 hours per week is the limit. More than this is unlawful except within OT rules .,False,2,,,,1,3,Tidak betul - 45 jam seminggu adalah had. Lebih daripada ini adalah menyalahi undang -undang kecuali dalam peraturan OT.,गलत - हप्तामा hours 45 घण्टा सीमा हो। यो भन्दा बढि अवैतर भन्दा ओट नियमहरू भन्दा बाहेक हो।,ভুল - প্রতি সপ্তাহে 45 ঘন্টা সীমা। ওটি নিয়মের মধ্যে বাদে এর চেয়ে বেশি বেআইনী।,गलत - प्रति सप्ताह 45 घंटे सीमा है। इससे अधिक ओटी नियमों के अलावा गैरकानूनी है।
6,45,B,Correct - 45 hours per week is the limit. More than this is unlawful except within OT rules .,True,2,,,,1,3,Betul - 45 jam seminggu adalah had. Lebih daripada ini adalah menyalahi undang -undang kecuali dalam peraturan OT.,सही - one 45 घण्टा प्रति हप्ता hours घण्टा सीमा हो। यो भन्दा बढि अवैतर भन्दा ओट नियमहरू भन्दा बाहेक हो।,সঠিক - প্রতি সপ্তাহে 45 ঘন্টা সীমা। ওটি নিয়মের মধ্যে বাদে এর চেয়ে বেশি বেআইনী।,सही - प्रति सप्ताह 45 घंटे सीमा है। इससे अधिक ओटी नियमों के अलावा गैरकानूनी है।
7,48,C,Incorrect - 45 hours per week is the limit. More than this is unlawful except within OT rules .,False,2,,,,1,3,Tidak betul - 45 jam seminggu adalah had. Lebih daripada ini adalah menyalahi undang -undang kecuali dalam peraturan OT.,गलत - हप्तामा hours 45 घण्टा सीमा हो। यो भन्दा बढि अवैतर भन्दा ओट नियमहरू भन्दा बाहेक हो।,ভুল - প্রতি সপ্তাহে 45 ঘন্টা সীমা। ওটি নিয়মের মধ্যে বাদে এর চেয়ে বেশি বেআইনী।,गलत - प्रति सप्ताह 45 घंटे सीमा है। इससे अधिक ओटी नियमों के अलावा गैरकानूनी है।
8,60,D,Incorrect - 45 hours per week is the limit. More than this is unlawful except within OT rules .,False,2,,,,1,3,Tidak betul - 45 jam seminggu adalah had. Lebih daripada ini adalah menyalahi undang -undang kecuali dalam peraturan OT.,गलत - हप्तामा hours 45 घण्टा सीमा हो। यो भन्दा बढि अवैतर भन्दा ओट नियमहरू भन्दा बाहेक हो।,ভুল - প্রতি সপ্তাহে 45 ঘন্টা সীমা। ওটি নিয়মের মধ্যে বাদে এর চেয়ে বেশি বেআইনী।,गलत - प्रति सप्ताह 45 घंटे सीमा है। इससे अधिक ओटी नियमों के अलावा गैरकानूनी है।
9,Yes,A,Incorrect - Employers cannot keep workers' passports; only proper authority can.,False,3,,,,1,10,Tidak betul - Majikan tidak boleh menyimpan pasport pekerja; Hanya kuasa yang betul boleh.,गलत - रोजगारदाताहरूले कामदारहरूको पासपोर्ट राख्न सक्दैन; केवल उचित अख्तियारले मात्र सक्छ।,ভুল - নিয়োগকর্তারা শ্রমিকদের পাসপোর্ট রাখতে পারবেন না; শুধুমাত্র সঠিক কর্তৃপক্ষ পারে।,गलत - नियोक्ता श्रमिकों के पासपोर्ट नहीं रख सकते; केवल उचित प्राधिकरण कर सकते हैं।
10,No,B,Correct - Employers cannot keep workers' passports; only proper authority can.,True,3,,,,1,10,Betul - Majikan tidak boleh menyimpan pasport pekerja; Hanya kuasa yang betul boleh.,सही - रोजगारदाताहरूले कामदारहरूको पासपोर्ट राख्न सक्दैन; केवल उचित अख्तियारले मात्र सक्छ।,সঠিক - নিয়োগকর্তারা শ্রমিকদের পাসপোর্ট রাখতে পারবেন না; শুধুমাত্র সঠিক কর্তৃপক্ষ পারে।,सही - नियोक्ता श्रमिकों के पासपोर्ट नहीं रख सकते; केवल उचित प्राधिकरण कर सकते हैं।
11,8,A,"Incorrect - At least 11 paid public holidays, including 5 mandatory ones.",False,4,,,,1,11,"Tidak betul - Sekurang -kurangnya 11 cuti umum dibayar, termasuk 5 orang mandatori.","गलत - कम्तिमा 11 भुक्तान गरिएको सार्वजनिक बिदाहरू, wor अनिवार्य व्यक्ति सहित।",ভুল - 5 টি বাধ্যতামূলক সহ কমপক্ষে 11 টি পাবলিক হলিডে অর্থ প্রদান করা হয়েছে।,"गलत - कम से कम 11 भुगतान सार्वजनिक अवकाश, जिसमें 5 अनिवार्य शामिल हैं।"
12,10,B,"Incorrect - At least 11 paid public holidays, including 5 mandatory ones.",False,4,,,,1,11,"Tidak betul - Sekurang -kurangnya 11 cuti umum dibayar, termasuk 5 orang mandatori.","गलत - कम्तिमा 11 भुक्तान गरिएको सार्वजनिक बिदाहरू, wor अनिवार्य व्यक्ति सहित।",ভুল - 5 টি বাধ্যতামূলক সহ কমপক্ষে 11 টি পাবলিক হলিডে অর্থ প্রদান করা হয়েছে।,"गलत - कम से कम 11 भुगतान सार्वजनिक अवकाश, जिसमें 5 अनिवार्य शामिल हैं।"
13,11,C,"Correct - At least 11 paid public holidays, including 5 mandatory ones.",True,4,,,,1,11,"Betul - Sekurang -kurangnya 11 cuti umum dibayar, termasuk 5 orang mandatori.","सही - कम्तिमा 11 भुक्तान गरिएको सार्वजनिक बिदाहरू, 5 अनिवार्य व्यक्ति सहित।",সঠিক - 5 টি বাধ্যতামূলক সহ কমপক্ষে 11 প্রদত্ত পাবলিক ছুটি।,"सही - कम से कम 11 भुगतान सार्वजनिक अवकाश, जिसमें 5 अनिवार्य शामिल हैं।"
14,12,D,"Incorrect - At least 11 paid public holidays, including 5 mandatory ones.",False,4,,,,1,11,"Tidak betul - Sekurang -kurangnya 11 cuti umum dibayar, termasuk 5 orang mandatori.","गलत - कम्तिमा 11 भुक्तान गरिएको सार्वजनिक बिदाहरू, wor अनिवार्य व्यक्ति सहित।",ভুল - 5 টি বাধ্যতামূলক সহ কমপক্ষে 11 টি পাবলিক হলিডে অর্থ প্রদান করা হয়েছে।,"गलत - कम से कम 11 भुगतान सार्वजनिक अवकाश, जिसमें 5 अनिवार्य शामिल हैं।"
15,60,A,Incorrect - Overtime is capped at 104 hours/month.,False,5,,,,1,1,Tidak betul - Lebih masa dihadkan pada 104 jam/bulan.,गलत - ओभरटाइम 104 घण्टा / महिनामा क्याप गरिएको छ।,ভুল - ওভারটাইম 104 ঘন্টা/মাসে ক্যাপ করা হয়।,गलत - ओवरटाइम 104 घंटे/माह पर छाया हुआ है।
16,80,B,Incorrect - Overtime is capped at 104 hours/month.,False,5,,,,1,1,Tidak betul - Lebih masa dihadkan pada 104 jam/bulan.,गलत - ओभरटाइम 104 घण्टा / महिनामा क्याप गरिएको छ।,ভুল - ওভারটাইম 104 ঘন্টা/মাসে ক্যাপ করা হয়।,गलत - ओवरटाइम 104 घंटे/माह पर छाया हुआ है।
17,104,C,Correct - Overtime is capped at 104 hours/month.,True,5,,,,1,1,Betul - Lebih masa dihadkan pada 104 jam/bulan.,सही - ओभरटाइम 104 घण्टा / महिनामा क्याप गरिएको छ।,সঠিক - ওভারটাইম 104 ঘন্টা/মাসে ক্যাপড হয়।,सही - ओवरटाइम 104 घंटे/माह पर छाया हुआ है।
18,120,D,Incorrect - Overtime is capped at 104 hours/month.,False,5,,,,1,1,Tidak betul - Lebih masa dihadkan pada 104 jam/bulan.,गलत - ओभरटाइम 104 घण्टा / महिनामा क्याप गरिएको छ।,ভুল - ওভারটাইম 104 ঘন্টা/মাসে ক্যাপ করা হয়।,गलत - ओवरटाइम 104 घंटे/माह पर छाया हुआ है।
19,Yes,A,Incorrect - A 30-minute break is required after 5 continuous hours.,False,6,,,,1,3,Tidak betul - Cuti selama 30 minit diperlukan selepas 5 jam berterusan.,गलत - एक -0-मिनेट ब्रेक etterety अविरल पछि one0 मिनेटको ब्रेक आवश्यक छ।,ভুল - 5 অবিচ্ছিন্ন ঘন্টা পরে 30 মিনিটের বিরতি প্রয়োজন।,गलत - 5 निरंतर घंटों के बाद 30 मिनट के ब्रेक की आवश्यकता होती है।
20,No,B,Correct - A 30-minute break is required after 5 continuous hours.,True,6,,,,1,3,Betul - Cuti selama 30 minit diperlukan selepas 5 jam berterusan.,सही - एक -0 मिनेट ब्रेक etterety लगातार afteretimes घण्टा पछि आवश्यक छ।,সঠিক - 5 অবিচ্ছিন্ন ঘন্টা পরে 30 মিনিটের বিরতি প্রয়োজন।,सही - 5 निरंतर घंटों के बाद 30 मिनट का ब्रेक आवश्यक है।
21,30%,A,Incorrect - Total deductions cannot exceed 50% of monthly wages.,False,7,,,,1,2,Tidak betul - jumlah potongan tidak boleh melebihi 50% upah bulanan.,गलत - कुल प्रतिष्ठा मासिक ज्याला को 50% भन्दा बढी हुन सक्दैन।,ভুল - মোট ছাড়গুলি মাসিক মজুরির 50% এর বেশি হতে পারে না।,गलत - कुल कटौती मासिक मजदूरी के 50% से अधिक नहीं हो सकती है।
22,40%,B,Incorrect - Total deductions cannot exceed 50% of monthly wages.,False,7,,,,1,2,Tidak betul - jumlah potongan tidak boleh melebihi 50% upah bulanan.,गलत - कुल प्रतिष्ठा मासिक ज्याला को 50% भन्दा बढी हुन सक्दैन।,ভুল - মোট ছাড়গুলি মাসিক মজুরির 50% এর বেশি হতে পারে না।,गलत - कुल कटौती मासिक मजदूरी के 50% से अधिक नहीं हो सकती है।
23,50%,C,Correct - Total deductions cannot exceed 50% of monthly wages.,True,7,,,,1,2,Betul - jumlah potongan tidak boleh melebihi 50% upah bulanan.,सही - कुल प्रतिष्ठान मासिक ज्याला को 50% भन्दा बढी हुन सक्दैन।,সঠিক - মোট ছাড়গুলি মাসিক মজুরির 50% এর বেশি হতে পারে না।,सही - कुल कटौती मासिक मजदूरी के 50% से अधिक नहीं हो सकती है।
24,60%,D,Incorrect - Total deductions cannot exceed 50% of monthly wages.,False,7,,,,1,2,Tidak betul - jumlah potongan tidak boleh melebihi 50% upah bulanan.,गलत - कुल प्रतिष्ठा मासिक ज्याला को 50% भन्दा बढी हुन सक्दैन।,ভুল - মোট ছাড়গুলি মাসিক মজুরির 50% এর বেশি হতে পারে না।,गलत - कुल कटौती मासिक मजदूरी के 50% से अधिक नहीं हो सकती है।
25,Nothing,A,Incorrect - Non-payment is an offence; authorities/courts can order payment and penalties.,False,8,,,,1,4,Tidak betul - tidak membayar adalah kesalahan; Pihak berkuasa/mahkamah boleh memesan pembayaran dan penalti.,गलत - गैर-भुक्तानी एक अपराध हो; अधिकारीहरू / अदालतहरूले भुक्तानी र दण्डहरू प्रदान गर्न सक्दछन्।,ভুল - অ -অর্থ প্রদান একটি অপরাধ; কর্তৃপক্ষ/আদালত অর্থ প্রদান এবং জরিমানা অর্ডার করতে পারে।,गलत - गैर -भुगतान एक अपराध है; अधिकारी/अदालतें भुगतान और दंड का आदेश दे सकती हैं।
26,It's an offence; court can order payment,B,Correct - Non-payment is an offence; authorities/courts can order payment and penalties.,True,8,,,,1,4,Betul - tidak membayar adalah kesalahan; Pihak berkuasa/mahkamah boleh memesan pembayaran dan penalti.,सही - गैर-भुक्तानी एक अपराध हो; अधिकारीहरू / अदालतहरूले भुक्तानी र दण्डहरू प्रदान गर्न सक्दछन्।,সঠিক - অ -অর্থ প্রদান একটি অপরাধ; কর্তৃপক্ষ/আদালত অর্থ প্রদান এবং জরিমানা অর্ডার করতে পারে।,सही - गैर -भुगतान एक अपराध है; अधिकारी/अदालतें भुगतान और दंड का आदेश दे सकती हैं।
27,Wait longer,C,Incorrect - Non-payment is an offence; authorities/courts can order payment and penalties.,False,8,,,,1,4,Tidak betul - tidak membayar adalah kesalahan; Pihak berkuasa/mahkamah boleh memesan pembayaran dan penalti.,गलत - गैर-भुक्तानी एक अपराध हो; अधिकारीहरू / अदालतहरूले भुक्तानी र दण्डहरू प्रदान गर्न सक्दछन्।,ভুল - অ -অর্থ প্রদান একটি অপরাধ; কর্তৃপক্ষ/আদালত অর্থ প্রদান এবং জরিমানা অর্ডার করতে পারে।,गलत - गैर -भुगतान एक अपराध है; अधिकारी/अदालतें भुगतान और दंड का आदेश दे सकती हैं।
28,Employer can decide,D,Incorrect - Non-payment is an offence; authorities/courts can order payment and penalties.,False,8,,,,1,4,Tidak betul - tidak membayar adalah kesalahan; Pihak berkuasa/mahkamah boleh memesan pembayaran dan penalti.,गलत - गैर-भुक्तानी एक अपराध हो; अधिकारीहरू / अदालतहरूले भुक्तानी र दण्डहरू प्रदान गर्न सक्दछन्।,ভুল - অ -অর্থ প্রদান একটি অপরাধ; কর্তৃপক্ষ/আদালত অর্থ প্রদান এবং জরিমানা অর্ডার করতে পারে।,गलत - गैर -भुगतान एक अपराध है; अधिकारी/अदालतें भुगतान और दंड का आदेश दे सकती हैं।
29,Weekly,A,Incorrect - Wages must be paid at least once a month.,False,9,,,,2,12,Tidak betul - Upah mesti dibayar sekurang -kurangnya sekali sebulan.,गलत - ज्याला कम्तिमा महिनामा कम्तिमा ज्याला तिर्नु पर्छ।,ভুল - মজুরি অবশ্যই মাসে কমপক্ষে একবার দিতে হবে।,गलत - मजदूरी का भुगतान महीने में कम से कम एक बार किया जाना चाहिए।
30,Monthly,B,Correct - Wages must be paid at least once a month.,True,9,,,,2,12,Betul - Upah mesti dibayar sekurang -kurangnya sekali sebulan.,सहि - एक महिनामा कम्तिमा एक पटक ज्याला तिर्नु पर्छ।,সঠিক - মজুরি অবশ্যই মাসে কমপক্ষে একবার দিতে হবে।,सही - मजदूरी का भुगतान महीने में कम से कम एक बार किया जाना चाहिए।
31,Every 2 months,C,Incorrect - Wages must be paid at least once a month.,False,9,,,,2,12,Tidak betul - Upah mesti dibayar sekurang -kurangnya sekali sebulan.,गलत - ज्याला कम्तिमा महिनामा कम्तिमा ज्याला तिर्नु पर्छ।,ভুল - মজুরি অবশ্যই মাসে কমপক্ষে একবার দিতে হবে।,गलत - मजदूरी का भुगतान महीने में कम से कम एक बार किया जाना चाहिए।
32,Whenever employer decides,D,Incorrect - Wages must be paid at least once a month.,False,9,,,,2,12,Tidak betul - Upah mesti dibayar sekurang -kurangnya sekali sebulan.,गलत - ज्याला कम्तिमा महिनामा कम्तिमा ज्याला तिर्नु पर्छ।,ভুল - মজুরি অবশ্যই মাসে কমপক্ষে একবার দিতে হবে।,गलत - मजदूरी का भुगतान महीने में कम से कम एक बार किया जाना चाहिए।
33,3 days,A,Incorrect - Within 7 days after the wage period ends.,False,10,,,,2,14,Tidak betul - dalam masa 7 hari selepas tempoh upah berakhir.,गलत - days दिन भित्र वाजत अवधि समाप्त भयो।,ভুল - মজুরির সময় শেষ হওয়ার 7 দিনের মধ্যে।,गलत - मजदूरी अवधि समाप्त होने के बाद 7 दिनों के भीतर।
34,7 days,B,Correct - Within 7 days after the wage period ends.,True,10,,,,2,14,Betul - dalam masa 7 hari selepas tempoh upah berakhir.,सही - works दिन भित्र वाजत अवधि समाप्त भयो।,সঠিক - মজুরির সময় শেষ হওয়ার 7 দিনের মধ্যে।,सही - मजदूरी अवधि समाप्त होने के बाद 7 दिनों के भीतर।
35,14 days,C,Incorrect - Within 7 days after the wage period ends.,False,10,,,,2,14,Tidak betul - dalam masa 7 hari selepas tempoh upah berakhir.,गलत - days दिन भित्र वाजत अवधि समाप्त भयो।,ভুল - মজুরির সময় শেষ হওয়ার 7 দিনের মধ্যে।,गलत - मजदूरी अवधि समाप्त होने के बाद 7 दिनों के भीतर।
36,30 days,D,Incorrect - Within 7 days after the wage period ends.,False,10,,,,2,14,Tidak betul - dalam masa 7 hari selepas tempoh upah berakhir.,गलत - days दिन भित्र वाजत अवधि समाप्त भयो।,ভুল - মজুরির সময় শেষ হওয়ার 7 দিনের মধ্যে।,गलत - मजदूरी अवधि समाप्त होने के बाद 7 दिनों के भीतर।
37,Employer decides any amount,A,Incorrect - Pay = Monthly wages ÷ Days in period × Days actually worked.,False,11,,,,2,13,Tidak betul - bayar = upah bulanan ÷ hari dalam tempoh × hari sebenarnya bekerja.,गलत - भुक्तानी = मासिक ज्याला ÷ दिन ÷ दिन × दिनहरू × दिन वास्तवमै काम गर्दछ।,ভুল - বেতন = মাসিক মজুরি Pair পিরিয়ডে দিন × দিনগুলি আসলে কাজ করে।,गलत - वेतन = मासिक मजदूरी × अवधि में × दिनों में वास्तव में काम किया।
38,Monthly ÷ Days in period × Days worked,B,Correct - Pay = Monthly wages ÷ Days in period × Days actually worked.,True,11,,,,2,13,Betul - bayar = upah bulanan ÷ hari dalam tempoh × hari sebenarnya bekerja.,सही - भुक्तान = मासिक ज्याला ÷ दिन ÷ दिन × दिनहरू × दिन वास्तवमै काम गर्दछ।,সঠিক - বেতন = মাসিক মজুরি Pair পিরিয়ডে দিন × দিনগুলি আসলে কাজ করে।,सही - वेतन = मासिक मजदूरी × अवधि में × दिनों में वास्तव में काम किया।
39,Flat 50% deduction,C,Incorrect - Pay = Monthly wages ÷ Days in period × Days actually worked.,False,11,,,,2,13,Tidak betul - bayar = upah bulanan ÷ hari dalam tempoh × hari sebenarnya bekerja.,गलत - भुक्तानी = मासिक ज्याला ÷ दिन ÷ दिन × दिनहरू × दिन वास्तवमै काम गर्दछ।,ভুল - বেতন = মাসিক মজুরি Pair পিরিয়ডে দিন × দিনগুলি আসলে কাজ করে।,गलत - वेतन = मासिक मजदूरी × अवधि में × दिनों में वास्तव में काम किया।
40,No pay,D,Incorrect - Pay = Monthly wages ÷ Days in period × Days actually worked.,False,11,,,,2,13,Tidak betul - bayar = upah bulanan ÷ hari dalam tempoh × hari sebenarnya bekerja.,गलत - भुक्तानी = मासिक ज्याला ÷ दिन ÷ दिन × दिनहरू × दिन वास्तवमै काम गर्दछ।,ভুল - বেতন = মাসিক মজুরি Pair পিরিয়ডে দিন × দিনগুলি আসলে কাজ করে।,गलत - वेतन = मासिक मजदूरी × अवधि में × दिनों में वास्तव में काम किया।
41,RM60.00,A,Incorrect - RM65.38 for 6-day week.,False,12,,,,2,18,Tidak betul - RM65.38 untuk minggu 6 hari.,गलत - RM65.38 - दिन हप्ताको लागि।,ভুল - 6 দিনের সপ্তাহের জন্য আরএম 65.38।,गलत - 6 -दिन सप्ताह के लिए RM65.38।
42,RM65.38,B,Correct - RM65.38 for 6-day week.,True,12,,,,2,18,Betul - RM65.38 untuk minggu 6 hari.,सही - RM65.38 - दिन हप्ताको लागि।,সঠিক - 6 দিনের সপ্তাহের জন্য আরএম 65.38।,सही - 6 -दिन सप्ताह के लिए RM65.38।
43,RM70.00,C,Incorrect - RM65.38 for 6-day week.,False,12,,,,2,18,Tidak betul - RM65.38 untuk minggu 6 hari.,गलत - RM65.38 - दिन हप्ताको लागि।,ভুল - 6 দিনের সপ্তাহের জন্য আরএম 65.38।,गलत - 6 -दिन सप्ताह के लिए RM65.38।
44,RM78.46,D,Incorrect - RM65.38 for 6-day week.,False,12,,,,2,18,Tidak betul - RM65.38 untuk minggu 6 hari.,गलत - RM65.38 - दिन हप्ताको लागि।,ভুল - 6 দিনের সপ্তাহের জন্য আরএম 65.38।,गलत - 6 -दिन सप्ताह के लिए RM65.38।
45,No issue,A,Incorrect - Failing to pay wages on time is an offence.,False,13,,,,2,17,Tidak betul - gagal membayar upah tepat pada waktunya adalah kesalahan.,गलत - समय मा ज्याला तिर्न असफल एक अपराध हो।,ভুল - সময়মতো মজুরি দিতে ব্যর্থ হওয়া একটি অপরাধ।,गलत - समय पर मजदूरी का भुगतान करने में विफल होना एक अपराध है।
46,An offence by employer,B,Correct - Failing to pay wages on time is an offence.,True,13,,,,2,17,Betul - gagal membayar upah tepat pada waktunya adalah kesalahan.,सहि - समय मा तलब गर्न असफल एक अपराध हो।,সঠিক - সময়মতো মজুরি দিতে ব্যর্থ হওয়া একটি অপরাধ।,सही - समय पर मजदूरी का भुगतान करने में विफल होना एक अपराध है।
47,Optional payment,C,Incorrect - Failing to pay wages on time is an offence.,False,13,,,,2,17,Tidak betul - gagal membayar upah tepat pada waktunya adalah kesalahan.,गलत - समय मा ज्याला तिर्न असफल एक अपराध हो।,ভুল - সময়মতো মজুরি দিতে ব্যর্থ হওয়া একটি অপরাধ।,गलत - समय पर मजदूरी का भुगतान करने में विफल होना एक अपराध है।
48,Worker's fault,D,Incorrect - Failing to pay wages on time is an offence.,False,13,,,,2,17,Tidak betul - gagal membayar upah tepat pada waktunya adalah kesalahan.,गलत - समय मा ज्याला तिर्न असफल एक अपराध हो।,ভুল - সময়মতো মজুরি দিতে ব্যর্থ হওয়া একটি অপরাধ।,गलत - समय पर मजदूरी का भुगतान करने में विफल होना एक अपराध है।
49,Yes,A,Incorrect - Payment at bars/shops is prohibited.,False,14,,,,2,16,Tidak betul - Pembayaran di bar/kedai adalah dilarang.,गलत - पट्टी / पसलहरूमा भुक्तानी निषेध गरिएको छ।,ভুল - বার/দোকানে অর্থ প্রদান নিষিদ্ধ।,गलत - बार/दुकानों पर भुगतान निषिद्ध है।
50,No,B,Correct - Payment at bars/shops is prohibited.,True,14,,,,2,16,Betul - Pembayaran di bar/kedai adalah dilarang.,सहि - पट्टी / पसलहरूमा भुक्तानी निषेध गरिएको छ।,সঠিক - বার/দোকানে অর্থ প্রদান নিষিদ্ধ।,सही - सलाखों/दुकानों पर भुगतान निषिद्ध है।
51,Yes,A,Incorrect - Charging interest or fees on wage advances is not allowed.,False,15,,,,2,15,Tidak betul - Mengecas faedah atau yuran atas pendahuluan upah tidak dibenarkan.,गलत - ब्याज ब्याज वा ज्याला प्रगतिमा शुल्कहरू अनुमति छैन।,ভুল - মজুরির অগ্রগতিতে সুদ বা ফি চার্জ করার অনুমতি নেই।,गलत - मजदूरी अग्रिमों पर ब्याज या शुल्क चार्ज करने की अनुमति नहीं है।
52,No,B,Correct - Charging interest or fees on wage advances is not allowed.,True,15,,,,2,15,Betul - Mengecas faedah atau yuran atas pendahuluan upah tidak dibenarkan.,सही - ब्याज अप ब्याज वा ज्याला प्रगतिमा शुल्क अनुमति छैन।,সঠিক - মজুরির অগ্রগতিতে সুদ বা ফি চার্জ করার অনুমতি নেই।,सही - मजदूरी अग्रिमों पर ब्याज या शुल्क चार्ज करने की अनुमति नहीं है।
53,Nothing,A,Incorrect - Courts can order payment and penalties for violations.,False,16,,,,2,21,Tidak betul - Mahkamah boleh memerintahkan pembayaran dan penalti untuk pelanggaran.,गलत - अदालतले उल्लंघनका लागि भुक्तानी र दण्डहरू गर्न सक्दछ।,ভুল - আদালত লঙ্ঘনের জন্য অর্থ প্রদান এবং জরিমানা অর্ডার করতে পারে।,गलत - अदालतें उल्लंघन के लिए भुगतान और दंड का आदेश दे सकती हैं।
54,Court can order payment,B,Correct - Courts can order payment and penalties for violations.,True,16,,,,2,21,Betul - Mahkamah boleh memerintahkan pembayaran dan penalti untuk pelanggaran.,सहि - अदालतले उल्लंघनका लागि भुक्तानी र दण्डहरू गर्न सक्दछ।,সঠিক - আদালত লঙ্ঘনের জন্য অর্থ প্রদান এবং জরিমানা অর্ডার করতে পারে।,सही - अदालतें उल्लंघन के लिए भुगतान और दंड का आदेश दे सकती हैं।
55,Worker loses rights,C,Incorrect - Courts can order payment and penalties for violations.,False,16,,,,2,21,Tidak betul - Mahkamah boleh memerintahkan pembayaran dan penalti untuk pelanggaran.,गलत - अदालतले उल्लंघनका लागि भुक्तानी र दण्डहरू गर्न सक्दछ।,ভুল - আদালত লঙ্ঘনের জন্য অর্থ প্রদান এবং জরিমানা অর্ডার করতে পারে।,गलत - अदालतें उल्लंघन के लिए भुगतान और दंड का आदेश दे सकती हैं।
56,Delay until next month,D,Incorrect - Courts can order payment and penalties for violations.,False,16,,,,2,21,Tidak betul - Mahkamah boleh memerintahkan pembayaran dan penalti untuk pelanggaran.,गलत - अदालतले उल्लंघनका लागि भुक्तानी र दण्डहरू गर्न सक्दछ।,ভুল - আদালত লঙ্ঘনের জন্য অর্থ প্রদান এবং জরিমানা অর্ডার করতে পারে।,गलत - अदालतें उल्लंघन के लिए भुगतान और दंड का आदेश दे सकती हैं।
57,8,A,Correct - 8 hours/day.,True,17,,,,3,22,Betul - 8 jam/hari.,सही - hours घण्टा / दिन।,সঠিক - 8 ঘন্টা/দিন।,सही - 8 घंटे/दिन।
58,10,B,Incorrect - 8 hours/day.,False,17,,,,3,22,Tidak betul - 8 jam/hari.,गलत - hours घण्टा / दिन।,ভুল - 8 ঘন্টা/দিন।,गलत - 8 घंटे/दिन।
59,12,C,Incorrect - 8 hours/day.,False,17,,,,3,22,Tidak betul - 8 jam/hari.,गलत - hours घण्टा / दिन।,ভুল - 8 ঘন্টা/দিন।,गलत - 8 घंटे/दिन।
60,14,D,Incorrect - 8 hours/day.,False,17,,,,3,22,Tidak betul - 8 jam/hari.,गलत - hours घण्टा / दिन।,ভুল - 8 ঘন্টা/দিন।,गलत - 8 घंटे/दिन।
61,40,A,Incorrect - 45 hours/week.,False,18,,,,3,22,Tidak betul - 45 jam/minggu.,गलत - hours 45 घण्टा / हप्ता।,ভুল - 45 ঘন্টা/সপ্তাহ।,गलत - 45 घंटे/सप्ताह।
62,45,B,Correct - 45 hours/week.,True,18,,,,3,22,Betul - 45 jam/minggu.,सही - hours 45 घण्टा / हप्ता।,সঠিক - 45 ঘন্টা/সপ্তাহ।,सही - 45 घंटे/सप्ताह।
63,50,C,Incorrect - 45 hours/week.,False,18,,,,3,22,Tidak betul - 45 jam/minggu.,गलत - hours 45 घण्टा / हप्ता।,ভুল - 45 ঘন্টা/সপ্তাহ।,गलत - 45 घंटे/सप्ताह।
64,60,D,Incorrect - 45 hours/week.,False,18,,,,3,22,Tidak betul - 45 jam/minggu.,गलत - hours 45 घण्टा / हप्ता।,ভুল - 45 ঘন্টা/সপ্তাহ।,गलत - 45 घंटे/सप्ताह।
65,No break,A,Incorrect - At least a 30-minute break.,False,19,,,,3,22,Tidak betul - sekurang -kurangnya rehat 30 minit.,गलत - कम्तिमा एक -0 मिनेट ब्रेक।,ভুল - কমপক্ষে 30 মিনিটের বিরতি।,गलत - कम से कम 30 मिनट का ब्रेक।
66,15 minutes,B,Incorrect - At least a 30-minute break.,False,19,,,,3,22,Tidak betul - sekurang -kurangnya rehat 30 minit.,गलत - कम्तिमा एक -0 मिनेट ब्रेक।,ভুল - কমপক্ষে 30 মিনিটের বিরতি।,गलत - कम से कम 30 मिनट का ब्रेक।
67,30 minutes,C,Correct - At least a 30-minute break.,True,19,,,,3,22,Betul - sekurang -kurangnya rehat 30 minit.,सहि - कम्तिमा एक -0 मिनेट ब्रेक।,সঠিক - কমপক্ষে 30 মিনিটের বিরতি।,सही - कम से कम 30 मिनट का ब्रेक।
68,45 minutes,D,Incorrect - At least a 30-minute break.,False,19,,,,3,22,Tidak betul - sekurang -kurangnya rehat 30 minit.,गलत - कम्तिमा एक -0 मिनेट ब्रेक।,ভুল - কমপক্ষে 30 মিনিটের বিরতি।,गलत - कम से कम 30 मिनट का ब्रेक।
69,Yes,A,Incorrect - At least one rest day per week is mandatory.,False,20,,,,3,23,Tidak betul - Sekurang -kurangnya satu hari rehat seminggu adalah wajib.,गलत - कम्तिमा एक आराम दिन प्रति हप्ता अनिवार्य छ।,ভুল - প্রতি সপ্তাহে কমপক্ষে একটি বিশ্রাম দিন বাধ্যতামূলক।,गलत - प्रति सप्ताह कम से कम एक आराम दिन अनिवार्य है।
70,No,B,Correct - At least one rest day per week is mandatory.,True,20,,,,3,23,Betul - Sekurang -kurangnya satu hari rehat seminggu adalah wajib.,सही - कम्तिमा एक आराम दिन प्रति हप्ता अनिवार्य छ।,সঠিক - প্রতি সপ্তাহে কমপক্ষে একটি বিশ্রাম দিন বাধ্যতামূলক।,सही - प्रति सप्ताह कम से कम एक आराम दिन अनिवार्य है।
71,1,A,Correct - At least one full rest day weekly.,True,21,,,,3,23,Betul - sekurang -kurangnya satu hari rehat penuh seminggu.,सहि - कम्तिमा एक पूर्ण आराम दिन साप्ताहिक।,সঠিক - সাপ্তাহিক কমপক্ষে একটি পূর্ণ বিশ্রাম দিন।,सही - कम से कम एक पूर्ण आराम दिन साप्ताहिक।
72,2,B,Incorrect - At least one full rest day weekly.,False,21,,,,3,23,Tidak betul - sekurang -kurangnya satu hari rehat penuh seminggu.,गलत - कम्तिमा एक पूर्ण आराम दिन साप्ताहिक।,ভুল - সাপ্তাহিক কমপক্ষে একটি পূর্ণ বিশ্রাম দিন।,गलत - कम से कम एक पूर्ण आराम दिन साप्ताहिक।
73,0,C,Incorrect - At least one full rest day weekly.,False,21,,,,3,23,Tidak betul - sekurang -kurangnya satu hari rehat penuh seminggu.,गलत - कम्तिमा एक पूर्ण आराम दिन साप्ताहिक।,ভুল - সাপ্তাহিক কমপক্ষে একটি পূর্ণ বিশ্রাম দিন।,गलत - कम से कम एक पूर्ण आराम दिन साप्ताहिक।
74,Employer decides,D,Incorrect - At least one full rest day weekly.,False,21,,,,3,23,Tidak betul - sekurang -kurangnya satu hari rehat penuh seminggu.,गलत - कम्तिमा एक पूर्ण आराम दिन साप्ताहिक।,ভুল - সাপ্তাহিক কমপক্ষে একটি পূর্ণ বিশ্রাম দিন।,गलत - कम से कम एक पूर्ण आराम दिन साप्ताहिक।
75,Yes,A,Correct - Workers may apply for flexible hours/days/place.,True,22,,,,3,24,Betul - Pekerja boleh memohon jam/hari/tempat yang fleksibel.,सहि - वर्कर्स लचिलो घण्टा / दिन / स्थानको लागि आवेदन दिन सक्छ।,সঠিক - কর্মীরা নমনীয় ঘন্টা/দিন/স্থানের জন্য আবেদন করতে পারে।,सही - श्रमिक लचीले घंटे/दिन/स्थान के लिए आवेदन कर सकते हैं।
76,No,B,Incorrect - Workers may apply for flexible hours/days/place.,False,22,,,,3,24,Tidak betul - Pekerja boleh memohon jam/hari/tempat yang fleksibel.,गलत - वर्कर्स लचिलो घण्टा / दिन / स्थानको लागि आवेदन दिन सक्छ।,ভুল - কর্মীরা নমনীয় ঘন্টা/দিন/স্থানের জন্য আবেদন করতে পারে।,गलत - श्रमिक लचीले घंटे/दिन/स्थान के लिए आवेदन कर सकते हैं।
77,10,A,Incorrect - 12 hours/day cap in emergencies.,False,23,,,,3,22,Tidak betul - Cap 12 jam/hari dalam kecemasan.,गलत - 12 घण्टा / दिन एक आपतकालिनमा।,ভুল - জরুরী পরিস্থিতিতে 12 ঘন্টা/দিনের ক্যাপ।,गलत - आपात स्थिति में 12 घंटे/दिन की टोपी।
78,12,B,Correct - 12 hours/day cap in emergencies.,True,23,,,,3,22,Betul - Cap 12 jam/hari dalam kecemasan.,सही - 12 घण्टा / दिन म्याकमेन्टमा टोपी।,সঠিক - জরুরী পরিস্থিতিতে 12 ঘন্টা/দিনের ক্যাপ।,सही - आपात स्थिति में 12 घंटे/दिन की टोपी।
79,14,C,Incorrect - 12 hours/day cap in emergencies.,False,23,,,,3,22,Tidak betul - Cap 12 jam/hari dalam kecemasan.,गलत - 12 घण्टा / दिन एक आपतकालिनमा।,ভুল - জরুরী পরিস্থিতিতে 12 ঘন্টা/দিনের ক্যাপ।,गलत - आपात स्थिति में 12 घंटे/दिन की टोपी।
80,No limit,D,Incorrect - 12 hours/day cap in emergencies.,False,23,,,,3,22,Tidak betul - Cap 12 jam/hari dalam kecemasan.,गलत - 12 घण्टा / दिन एक आपतकालिनमा।,ভুল - জরুরী পরিস্থিতিতে 12 ঘন্টা/দিনের ক্যাপ।,गलत - आपात स्थिति में 12 घंटे/दिन की टोपी।
81,Legal,A,Incorrect - Exceeds 45 hours/week.,False,24,,,,3,22,Tidak betul - melebihi 45 jam/minggu.,गलत - hours 45 घण्टा / हप्ता भन्दा बढि।,ভুল - 45 ঘন্টা/সপ্তাহের বেশি।,गलत - 45 घंटे/सप्ताह से अधिक है।
82,Illegal,B,Correct - Exceeds 45 hours/week.,True,24,,,,3,22,Betul - melebihi 45 jam/minggu.,सही - hours 45 घण्टा / हप्ता भन्दा बढि।,সঠিক - 45 ঘন্টা/সপ্তাহ ছাড়িয়ে গেছে।,सही - 45 घंटे/सप्ताह से अधिक है।
83,Yes,A,Incorrect - Employers cannot hold passports; only proper authority can.,False,25,,,,4,26,Tidak betul - Majikan tidak boleh memegang pasport; Hanya kuasa yang betul boleh.,गलत - रोजगारदाताहरूले पासपोर्टहरू समात्न सक्दैनन्; केवल उचित अख्तियारले मात्र सक्छ।,ভুল - নিয়োগকর্তারা পাসপোর্ট ধরে রাখতে পারবেন না; শুধুমাত্র সঠিক কর্তৃপক্ষ পারে।,गलत - नियोक्ता पासपोर्ट नहीं रख सकते; केवल उचित प्राधिकरण कर सकते हैं।
84,No,B,Correct - Employers cannot hold passports; only proper authority can.,True,25,,,,4,26,Betul - Majikan tidak boleh memegang pasport; Hanya kuasa yang betul boleh.,सही - रोजगारदाताहरूले पासपोर्टहरू समात्न सक्दैनन्; केवल उचित अख्तियारले मात्र सक्छ।,সঠিক - নিয়োগকর্তারা পাসপোর্ট ধরে রাখতে পারবেন না; শুধুমাত্র সঠিক কর্তৃপক্ষ পারে।,सही - नियोक्ता पासपोर्ट नहीं रख सकते; केवल उचित प्राधिकरण कर सकते हैं।
85,"RM10,000",A,"Incorrect - Up to RM50,000.",False,26,,,,4,25,"Tidak betul - sehingga RM50,000.","गलत - RM50,000 सम्म।","ভুল - আরএম 50,000 পর্যন্ত।","गलत - RM50,000 तक।"
86,"RM20,000",B,"Incorrect - Up to RM50,000.",False,26,,,,4,25,"Tidak betul - sehingga RM50,000.","गलत - RM50,000 सम्म।","ভুল - আরএম 50,000 পর্যন্ত।","गलत - RM50,000 तक।"
87,"RM50,000",C,"Correct - Up to RM50,000.",True,26,,,,4,25,"Betul - sehingga RM50,000.","सही - RM50,000 सम्म।","সঠিক - আরএম 50,000 পর্যন্ত।","सही - RM50,000 तक।"
88,"RM100,000",D,"Incorrect - Up to RM50,000.",False,26,,,,4,25,"Tidak betul - sehingga RM50,000.","गलत - RM50,000 सम्म।","ভুল - আরএম 50,000 পর্যন্ত।","गलत - RM50,000 तक।"
89,Worker,A,Incorrect - Employer must provide protective equipment.,False,27,,,,4,27,Tidak betul - Majikan mesti menyediakan peralatan perlindungan.,गलत - रोजगारदाताले सुरक्षात्मक उपकरण प्रदान गर्नुपर्नेछ।,ভুল - নিয়োগকর্তাকে অবশ্যই প্রতিরক্ষামূলক সরঞ্জাম সরবরাহ করতে হবে।,गलत - नियोक्ता को सुरक्षात्मक उपकरण प्रदान करना होगा।
90,Employer,B,Correct - Employer must provide protective equipment.,True,27,,,,4,27,Betul - Majikan mesti menyediakan peralatan pelindung.,सहि - रोजगारदाताले सुरक्षात्मक उपकरण प्रदान गर्नुपर्नेछ।,সঠিক - নিয়োগকর্তাকে অবশ্যই প্রতিরক্ষামূলক সরঞ্জাম সরবরাহ করতে হবে।,सही - नियोक्ता को सुरक्षात्मक उपकरण प्रदान करना चाहिए।
91,Union,C,Incorrect - Employer must provide protective equipment.,False,27,,,,4,27,Tidak betul - Majikan mesti menyediakan peralatan perlindungan.,गलत - रोजगारदाताले सुरक्षात्मक उपकरण प्रदान गर्नुपर्नेछ।,ভুল - নিয়োগকর্তাকে অবশ্যই প্রতিরক্ষামূলক সরঞ্জাম সরবরাহ করতে হবে।,गलत - नियोक्ता को सुरक्षात्मक उपकरण प्रदान करना होगा।
92,NGO,D,Incorrect - Employer must provide protective equipment.,False,27,,,,4,27,Tidak betul - Majikan mesti menyediakan peralatan perlindungan.,गलत - रोजगारदाताले सुरक्षात्मक उपकरण प्रदान गर्नुपर्नेछ।,ভুল - নিয়োগকর্তাকে অবশ্যই প্রতিরক্ষামূলক সরঞ্জাম সরবরাহ করতে হবে।,गलत - नियोक्ता को सुरक्षात्मक उपकरण प्रदान करना होगा।
93,20,A,Incorrect - Required for ≥ 40 workers or when directed.,False,28,,,,4,29,Tidak betul - diperlukan untuk ≥ 40 pekerja atau apabila diarahkan.,गलत - ≥ 40 कामदार वा निर्देशित जब।,ভুল - 40 40 কর্মীদের জন্য বা নির্দেশিত হলে প্রয়োজনীয়।,गलत - to 40 श्रमिकों के लिए या निर्देशित होने पर आवश्यक।
94,30,B,Incorrect - Required for ≥ 40 workers or when directed.,False,28,,,,4,29,Tidak betul - diperlukan untuk ≥ 40 pekerja atau apabila diarahkan.,गलत - ≥ 40 कामदार वा निर्देशित जब।,ভুল - 40 40 কর্মীদের জন্য বা নির্দেশিত হলে প্রয়োজনীয়।,गलत - to 40 श्रमिकों के लिए या निर्देशित होने पर आवश्यक।
95,40,C,Correct - Required for ≥ 40 workers or when directed.,True,28,,,,4,29,Betul - diperlukan untuk ≥ 40 pekerja atau apabila diarahkan.,सही - ≥ 40 कामदारहरू वा निर्देशितको लागि आवश्यक छ।,সঠিক - 40 40 কর্মীদের জন্য বা নির্দেশিত হলে প্রয়োজনীয়।,सही - to 40 श्रमिकों के लिए या निर्देशित होने पर आवश्यक।
96,50,D,Incorrect - Required for ≥ 40 workers or when directed.,False,28,,,,4,29,Tidak betul - diperlukan untuk ≥ 40 pekerja atau apabila diarahkan.,गलत - ≥ 40 कामदार वा निर्देशित जब।,ভুল - 40 40 কর্মীদের জন্য বা নির্দেশিত হলে প্রয়োজনীয়।,गलत - to 40 श्रमिकों के लिए या निर्देशित होने पर आवश्यक।
97,Employer,A,Correct - Employer/accommodation provider must ensure safety.,True,29,,,,4,31,Betul - Pembekal majikan/penginapan mesti memastikan keselamatan.,सही - रोजगारदाता / आवास प्रदायकले सुरक्षा सुनिश्चित गर्नुपर्दछ।,সঠিক - নিয়োগকর্তা/আবাসন সরবরাহকারীকে অবশ্যই সুরক্ষা নিশ্চিত করতে হবে।,सही - नियोक्ता/आवास प्रदाता को सुरक्षा सुनिश्चित करना चाहिए।
98,Worker,B,Incorrect - Employer/accommodation provider must ensure safety.,False,29,,,,4,31,Tidak betul - Pembekal majikan/penginapan mesti memastikan keselamatan.,गलत - नियोक्ता / आवास प्रदायकले सुरक्षा सुनिश्चित गर्नुपर्दछ।,ভুল - নিয়োগকর্তা/আবাসন সরবরাহকারীকে অবশ্যই সুরক্ষা নিশ্চিত করতে হবে।,गलत - नियोक्ता/आवास प्रदाता को सुरक्षा सुनिश्चित करनी चाहिए।
99,NGO,C,Incorrect - Employer/accommodation provider must ensure safety.,False,29,,,,4,31,Tidak betul - Pembekal majikan/penginapan mesti memastikan keselamatan.,गलत - नियोक्ता / आवास प्रदायकले सुरक्षा सुनिश्चित गर्नुपर्दछ।,ভুল - নিয়োগকর্তা/আবাসন সরবরাহকারীকে অবশ্যই সুরক্ষা নিশ্চিত করতে হবে।,गलत - नियोक्ता/आवास प्रदाता को सुरक्षा सुनिश्चित करनी चाहिए।
100,Nobody,D,Incorrect - Employer/accommodation provider must ensure safety.,False,29,,,,4,31,Tidak betul - Pembekal majikan/penginapan mesti memastikan keselamatan.,गलत - नियोक्ता / आवास प्रदायकले सुरक्षा सुनिश्चित गर्नुपर्दछ।,ভুল - নিয়োগকর্তা/আবাসন সরবরাহকারীকে অবশ্যই সুরক্ষা নিশ্চিত করতে হবে।,गलत - नियोक्ता/आवास प्रदाता को सुरक्षा सुनिश्चित करनी चाहिए।
101,Employer,A,Correct - Employer must notify the nearest OSH office.,True,30,,,,4,30,Betul - Majikan mesti memberitahu pejabat OSH terdekat.,सहि - रोजगारदाताले नजिकको ओएसएच कार्यालयलाई सूचित गर्नुपर्दछ।,সঠিক - নিয়োগকর্তাকে অবশ্যই নিকটতম ওএসএইচ অফিসকে অবহিত করতে হবে।,सही - नियोक्ता को निकटतम OSH कार्यालय को सूचित करना चाहिए।
102,Worker,B,Incorrect - Employer must notify the nearest OSH office.,False,30,,,,4,30,Tidak betul - Majikan mesti memaklumkan pejabat OSH yang terdekat.,गलत - नियोक्ताले नजिकको ओएसएफ अफिस सूचित गर्नुपर्दछ।,ভুল - নিয়োগকর্তাকে অবশ্যই নিকটতম ওএসএইচ অফিসকে অবহিত করতে হবে।,गलत - नियोक्ता को निकटतम OSH कार्यालय को सूचित करना चाहिए।
103,Police,C,Incorrect - Employer must notify the nearest OSH office.,False,30,,,,4,30,Tidak betul - Majikan mesti memaklumkan pejabat OSH yang terdekat.,गलत - नियोक्ताले नजिकको ओएसएफ अफिस सूचित गर्नुपर्दछ।,ভুল - নিয়োগকর্তাকে অবশ্যই নিকটতম ওএসএইচ অফিসকে অবহিত করতে হবে।,गलत - नियोक्ता को निकटतम OSH कार्यालय को सूचित करना चाहिए।
104,No need to report,D,Incorrect - Employer must notify the nearest OSH office.,False,30,,,,4,30,Tidak betul - Majikan mesti memaklumkan pejabat OSH yang terdekat.,गलत - नियोक्ताले नजिकको ओएसएफ अफिस सूचित गर्नुपर्दछ।,ভুল - নিয়োগকর্তাকে অবশ্যই নিকটতম ওএসএইচ অফিসকে অবহিত করতে হবে।,गलत - नियोक्ता को निकटतम OSH कार्यालय को सूचित करना चाहिए।
105,Yes,A,Incorrect - Adequate water must be provided.,False,31,,,,4,32,Tidak betul - Air yang mencukupi mesti disediakan.,गलत - पर्याप्त पानी प्रदान गरिनु पर्छ।,ভুল - পর্যাপ্ত জল সরবরাহ করতে হবে।,गलत - पर्याप्त पानी प्रदान किया जाना चाहिए।
106,No,B,Correct - Adequate water must be provided.,True,31,,,,4,32,Betul - air yang mencukupi mesti disediakan.,सही - पर्याप्त पानी प्रदान गरिनु पर्छ।,সঠিক - পর্যাপ্ত জল সরবরাহ করতে হবে।,सही - पर्याप्त पानी प्रदान किया जाना चाहिए।
107,Nothing,A,Incorrect - Workers must take reasonable care and wear PPE; penalties apply for breaches.,False,32,,,,4,28,Tidak betul - Pekerja mesti mengambil penjagaan yang munasabah dan memakai PPE; Penalti memohon pelanggaran.,गलत - कामदारहरूले व्यावहारिक हेरचाह गर्नु पर्छ र ppe लगाउनै पर्छ; दण्डहरू उल्लंघनको लागि आवेदन दिनुहोस्।,ভুল - কর্মীদের অবশ্যই যুক্তিসঙ্গত যত্ন নিতে হবে এবং পিপিই পরতে হবে; জরিমানা লঙ্ঘনের জন্য প্রযোজ্য।,गलत - श्रमिकों को उचित देखभाल करनी चाहिए और पीपीई पहननी चाहिए; उल्लंघनों के लिए दंड लागू होता है।
108,Only employer's duty,B,Incorrect - Workers must take reasonable care and wear PPE; penalties apply for breaches.,False,32,,,,4,28,Tidak betul - Pekerja mesti mengambil penjagaan yang munasabah dan memakai PPE; Penalti memohon pelanggaran.,गलत - कामदारहरूले व्यावहारिक हेरचाह गर्नु पर्छ र ppe लगाउनै पर्छ; दण्डहरू उल्लंघनको लागि आवेदन दिनुहोस्।,ভুল - কর্মীদের অবশ্যই যুক্তিসঙ্গত যত্ন নিতে হবে এবং পিপিই পরতে হবে; জরিমানা লঙ্ঘনের জন্য প্রযোজ্য।,गलत - श्रमिकों को उचित देखभाल करनी चाहिए और पीपीई पहननी चाहिए; उल्लंघनों के लिए दंड लागू होता है।
109,Care for own & others' safety and follow rules,C,Correct - Workers must take reasonable care and wear PPE; penalties apply for breaches.,True,32,,,,4,28,Betul - Pekerja mesti mengambil penjagaan yang munasabah dan memakai PPE; Penalti memohon pelanggaran.,सहि - कामदारहरूले उचित हेरचाह गर्नु र ppe लगाउनै पर्छ; दण्डहरू उल्लंघनको लागि आवेदन दिनुहोस्।,সঠিক - কর্মীদের অবশ্যই যুক্তিসঙ্গত যত্ন নিতে হবে এবং পিপিই পরতে হবে; জরিমানা লঙ্ঘনের জন্য প্রযোজ্য।,सही - श्रमिकों को उचित देखभाल करनी चाहिए और पीपीई पहनना चाहिए; उल्लंघनों के लिए दंड लागू होता है।
110,Optional compliance,D,Incorrect - Workers must take reasonable care and wear PPE; penalties apply for breaches.,False,32,,,,4,28,Tidak betul - Pekerja mesti mengambil penjagaan yang munasabah dan memakai PPE; Penalti memohon pelanggaran.,गलत - कामदारहरूले व्यावहारिक हेरचाह गर्नु पर्छ र ppe लगाउनै पर्छ; दण्डहरू उल्लंघनको लागि आवेदन दिनुहोस्।,ভুল - কর্মীদের অবশ্যই যুক্তিসঙ্গত যত্ন নিতে হবে এবং পিপিই পরতে হবে; জরিমানা লঙ্ঘনের জন্য প্রযোজ্য।,गलत - श्रमिकों को उचित देखभाल करनी चाहिए और पीपीई पहननी चाहिए; उल्लंघनों के लिए दंड लागू होता है।
111,60,A,Incorrect - Monthly cap is 104 hours.,False,33,,,,5,33,Tidak betul - topi bulanan adalah 104 jam.,गलत - मासिक क्याप 104 घण्टा हो।,ভুল - মাসিক ক্যাপ 104 ঘন্টা।,गलत - मासिक कैप 104 घंटे है।
112,80,B,Incorrect - Monthly cap is 104 hours.,False,33,,,,5,33,Tidak betul - topi bulanan adalah 104 jam.,गलत - मासिक क्याप 104 घण्टा हो।,ভুল - মাসিক ক্যাপ 104 ঘন্টা।,गलत - मासिक कैप 104 घंटे है।
113,104,C,Correct - Monthly cap is 104 hours.,True,33,,,,5,33,Betul - topi bulanan adalah 104 jam.,सही - मासिक क्याप 104 घण्टा हो।,সঠিক - মাসিক ক্যাপ 104 ঘন্টা।,सही - मासिक कैप 104 घंटे है।
114,120,D,Incorrect - Monthly cap is 104 hours.,False,33,,,,5,33,Tidak betul - topi bulanan adalah 104 jam.,गलत - मासिक क्याप 104 घण्टा हो।,ভুল - মাসিক ক্যাপ 104 ঘন্টা।,गलत - मासिक कैप 104 घंटे है।
115,Employer,A,Correct - Employer must pay; non-payment is an offence.,True,34,,,,5,34,Betul - Majikan mesti membayar; Tidak membayar adalah kesalahan.,सहि - रोजगारदाताले तिर्नु पर्छ; गैर-भुक्तानी एक अपराध हो।,সঠিক - নিয়োগকর্তাকে অবশ্যই অর্থ প্রদান করতে হবে; অর্থ প্রদান একটি অপরাধ।,सही - नियोक्ता को भुगतान करना होगा; गैर-भुगतान एक अपराध है।
116,Government,B,Incorrect - Employer must pay; non-payment is an offence.,False,34,,,,5,34,Tidak betul - Majikan mesti membayar; Tidak membayar adalah kesalahan.,गलत - रोजगारदाताले तिर्नु पर्छ; गैर-भुक्तानी एक अपराध हो।,ভুল - নিয়োগকর্তাকে অবশ্যই অর্থ প্রদান করতে হবে; অর্থ প্রদান একটি অপরাধ।,गलत - नियोक्ता को भुगतान करना होगा; गैर-भुगतान एक अपराध है।
117,Union,C,Incorrect - Employer must pay; non-payment is an offence.,False,34,,,,5,34,Tidak betul - Majikan mesti membayar; Tidak membayar adalah kesalahan.,गलत - रोजगारदाताले तिर्नु पर्छ; गैर-भुक्तानी एक अपराध हो।,ভুল - নিয়োগকর্তাকে অবশ্যই অর্থ প্রদান করতে হবে; অর্থ প্রদান একটি অপরাধ।,गलत - नियोक्ता को भुगतान करना होगा; गैर-भुगतान एक अपराध है।
118,Nobody,D,Incorrect - Employer must pay; non-payment is an offence.,False,34,,,,5,34,Tidak betul - Majikan mesti membayar; Tidak membayar adalah kesalahan.,गलत - रोजगारदाताले तिर्नु पर्छ; गैर-भुक्तानी एक अपराध हो।,ভুল - নিয়োগকর্তাকে অবশ্যই অর্থ প্রদান করতে হবে; অর্থ প্রদান একটি অপরাধ।,गलत - नियोक्ता को भुगतान करना होगा; गैर-भुगतान एक अपराध है।
119,"RM5,000",A,"Incorrect - Up to RM50,000.",False,35,,,,5,36,"Tidak betul - sehingga RM50,000.","गलत - RM50,000 सम्म।","ভুল - আরএম 50,000 পর্যন্ত।","गलत - RM50,000 तक।"
120,"RM20,000",B,"Incorrect - Up to RM50,000.",False,35,,,,5,36,"Tidak betul - sehingga RM50,000.","गलत - RM50,000 सम्म।","ভুল - আরএম 50,000 পর্যন্ত।","गलत - RM50,000 तक।"
121,"RM50,000",C,"Correct - Up to RM50,000.",True,35,,,,5,36,"Betul - sehingga RM50,000.","सही - RM50,000 सम्म।","সঠিক - আরএম 50,000 পর্যন্ত।","सही - RM50,000 तक।"
122,"RM100,000",D,"Incorrect - Up to RM50,000.",False,35,,,,5,36,"Tidak betul - sehingga RM50,000.","गलत - RM50,000 सम्म।","ভুল - আরএম 50,000 পর্যন্ত।","गलत - RM50,000 तक।"
123,Yes,A,Incorrect - Exceeds the 104-hour cap.,False,36,,,,5,33,Tidak betul - melebihi topi 104 jam.,गलत - 104 घण्टा क्याप भन्दा बढि।,ভুল - 104 ঘন্টা ক্যাপ ছাড়িয়ে গেছে।,गलत - 104 -घंटे की टोपी से अधिक है।
124,No,B,Correct - Exceeds the 104-hour cap.,True,36,,,,5,33,Betul - melebihi topi 104 jam.,सही - 104 घण्टा क्याप भन्दा बढि।,সঠিক - 104 ঘন্টা ক্যাপ ছাড়িয়ে গেছে।,सही - 104 -घंटे की टोपी से अधिक है।
125,Yes,A,Incorrect - Non-payment is an offence; court can order payment.,False,37,,,,5,34,Tidak betul - tidak membayar adalah kesalahan; Mahkamah boleh memesan pembayaran.,गलत - गैर-भुक्तानी एक अपराध हो; अदालतले भुक्तानी गर्न सक्दछ।,ভুল - অ -অর্থ প্রদান একটি অপরাধ; আদালত অর্থ প্রদানের আদেশ দিতে পারে।,गलत - गैर -भुगतान एक अपराध है; अदालत भुगतान का आदेश दे सकती है।
126,No,B,Correct - Non-payment is an offence; court can order payment.,True,37,,,,5,34,Betul - tidak membayar adalah kesalahan; Mahkamah boleh memesan pembayaran.,सही - गैर-भुक्तानी एक अपराध हो; अदालतले भुक्तानी गर्न सक्दछ।,সঠিক - অ -অর্থ প্রদান একটি অপরাধ; আদালত অর্থ প্রদানের আদেশ দিতে পারে।,सही - गैर -भुगतान एक अपराध है; अदालत भुगतान का आदेश दे सकती है।
127,Warning only,A,"Incorrect - General penalty up to RM50,000.",False,38,,,,5,36,"Tidak betul - Penalti Umum sehingga RM50,000.",गलत - RM5000 सम्म सामान्य दण्ड।,"ভুল - আরএম 50,000 পর্যন্ত সাধারণ জরিমানা।","गलत - RM50,000 तक सामान्य जुर्माना।"
128,"RM10,000 fine",B,"Incorrect - General penalty up to RM50,000.",False,38,,,,5,36,"Tidak betul - Penalti Umum sehingga RM50,000.",गलत - RM5000 सम्म सामान्य दण्ड।,"ভুল - আরএম 50,000 পর্যন্ত সাধারণ জরিমানা।","गलत - RM50,000 तक सामान्य जुर्माना।"
129,"RM50,000 fine",C,"Correct - General penalty up to RM50,000.",True,38,,,,5,36,"Betul - Penalti Umum sehingga RM50,000.",सही - RM5000 सम्म सामान्य दण्ड।,"সঠিক - আরএম 50,000 পর্যন্ত সাধারণ জরিমানা।","सही - RM50,000 तक सामान्य जुर्माना।"
130,No consequence,D,"Incorrect - General penalty up to RM50,000.",False,38,,,,5,36,"Tidak betul - Penalti Umum sehingga RM50,000.",गलत - RM5000 सम्म सामान्य दण्ड।,"ভুল - আরএম 50,000 পর্যন্ত সাধারণ জরিমানা।","गलत - RM50,000 तक सामान्य जुर्माना।"
131,Yes,A,Incorrect - Employers must pay for holiday work.,False,39,,,,5,34,Tidak betul - Majikan mesti membayar kerja percutian.,गलत - रोजगारदाताहरूले छुट्टीको कामको लागि तिर्नु पर्छ।,ভুল - নিয়োগকারীদের অবশ্যই ছুটির কাজের জন্য অর্থ প্রদান করতে হবে।,गलत - नियोक्ताओं को छुट्टी के काम के लिए भुगतान करना होगा।
132,No,B,Correct - Employers must pay for holiday work.,True,39,,,,5,34,Betul - Majikan mesti membayar kerja percutian.,सही - रोजगारदाताहरूले छुट्टीको कामको लागि तिर्नु पर्छ।,সঠিক - নিয়োগকারীদের অবশ্যই ছুটির কাজের জন্য অর্থ প্রদান করতে হবে।,सही - नियोक्ताओं को छुट्टी के काम के लिए भुगतान करना होगा।
133,Nothing,A,Incorrect - Non-compliance can lead to extra fines until payment.,False,40,,,,5,35,Tidak betul - Ketidakpatuhan boleh menyebabkan denda tambahan sehingga pembayaran.,गलत - गैर-अनुपालन भुक्तानी नभएसम्म थप जरिवानाहरू निम्त्याउन सक्छ।,ভুল - অ -সম্মতি অর্থ প্রদান না হওয়া পর্যন্ত অতিরিক্ত জরিমানার দিকে নিয়ে যেতে পারে।,गलत - गैर -अनुपालन से भुगतान तक अतिरिक्त जुर्माना हो सकता है।
134,Additional daily fines,B,Correct - Non-compliance can lead to extra fines until payment.,True,40,,,,5,35,Betul - Ketidakpatuhan boleh menyebabkan denda tambahan sehingga pembayaran.,सही - गैर-अनुपालन भुक्तानी नभएसम्म थप जरिवानाहरू निम्त्याउन सक्छ।,সঠিক - অ -সম্মতি অর্থ প্রদান না হওয়া পর্যন্ত অতিরিক্ত জরিমানার দিকে নিয়ে যেতে পারে।,सही - गैर -अनुपालन से भुगतान तक अतिरिक्त जुर्माना हो सकता है।
135,Worker pays fees,C,Incorrect - Non-compliance can lead to extra fines until payment.,False,40,,,,5,35,Tidak betul - Ketidakpatuhan boleh menyebabkan denda tambahan sehingga pembayaran.,गलत - गैर-अनुपालन भुक्तानी नभएसम्म थप जरिवानाहरू निम्त्याउन सक्छ।,ভুল - অ -সম্মতি অর্থ প্রদান না হওয়া পর্যন্ত অতিরিক্ত জরিমানার দিকে নিয়ে যেতে পারে।,गलत - गैर -अनुपालन से भुगतान तक अतिरिक्त जुर्माना हो सकता है।
136,Delay allowed,D,Incorrect - Non-compliance can lead to extra fines until payment.,False,40,,,,5,35,Tidak betul - Ketidakpatuhan boleh menyebabkan denda tambahan sehingga pembayaran.,गलत - गैर-अनुपालन भुक्तानी नभएसम्म थप जरिवानाहरू निम्त्याउन सक्छ।,ভুল - অ -সম্মতি অর্থ প্রদান না হওয়া পর্যন্ত অতিরিক্ত জরিমানার দিকে নিয়ে যেতে পারে।,गलत - गैर -अनुपालन से भुगतान तक अतिरिक्त जुर्माना हो सकता है।
137,Normal rate,A,Incorrect - At least 1.5× the normal hourly rate.,False,41,,,,6,37,Tidak betul - sekurang -kurangnya 1.5 × kadar setiap jam biasa.,गलत - कम्तिमा 1.55 × सामान्य घण्टाको दर।,ভুল - কমপক্ষে 1.5 × স্বাভাবিক প্রতি ঘন্টা হার।,गलत - कम से कम 1.5 × सामान्य प्रति घंटा दर।
138,1.25×,B,Incorrect - At least 1.5× the normal hourly rate.,False,41,,,,6,37,Tidak betul - sekurang -kurangnya 1.5 × kadar setiap jam biasa.,गलत - कम्तिमा 1.55 × सामान्य घण्टाको दर।,ভুল - কমপক্ষে 1.5 × স্বাভাবিক প্রতি ঘন্টা হার।,गलत - कम से कम 1.5 × सामान्य प्रति घंटा दर।
139,1.5×,C,Correct - At least 1.5× the normal hourly rate.,True,41,,,,6,37,Betul - sekurang -kurangnya 1.5 × kadar setiap jam biasa.,सहि - कम्तिमा 1.55 × सामान्य घण्टाको दर।,সঠিক - কমপক্ষে 1.5 × স্বাভাবিক প্রতি ঘন্টা হার।,सही - कम से कम 1.5 × सामान्य प्रति घंटा दर।
140,2×,D,Incorrect - At least 1.5× the normal hourly rate.,False,41,,,,6,37,Tidak betul - sekurang -kurangnya 1.5 × kadar setiap jam biasa.,गलत - कम्तिमा 1.55 × सामान्य घण्टाको दर।,ভুল - কমপক্ষে 1.5 × স্বাভাবিক প্রতি ঘন্টা হার।,गलत - कम से कम 1.5 × सामान्य प्रति घंटा दर।
141,1 day's pay,A,Incorrect - More than half rest-day work = 2 days' wages.,False,42,,,,6,38,Tidak betul - lebih daripada separuh kerja rehat hari = upah 2 hari.,गलत - आधा आराम दिन भन्दा बढी काम = 2 दिन 'ज्याला।,ভুল - অর্ধেকেরও বেশি বিশ্রাম -দিনের কাজ = 2 দিনের মজুরি।,गलत - आधे से अधिक आराम -दिन का काम = 2 दिन की मजदूरी।
142,2 days' pay,B,Correct - More than half rest-day work = 2 days' wages.,True,42,,,,6,38,Betul - lebih daripada separuh kerja rehat hari = upah 2 hari.,सही - आधा आराम दिन काम = 2 दिनको ज्याला।,সঠিক - অর্ধেকেরও বেশি বিশ্রাম -দিনের কাজ = 2 দিনের মজুরি।,सही - आधे से अधिक आराम -दिन का काम = 2 दिन की मजदूरी।
143,1.5× hourly rate,C,Incorrect - More than half rest-day work = 2 days' wages.,False,42,,,,6,38,Tidak betul - lebih daripada separuh kerja rehat hari = upah 2 hari.,गलत - आधा आराम दिन भन्दा बढी काम = 2 दिन 'ज्याला।,ভুল - অর্ধেকেরও বেশি বিশ্রাম -দিনের কাজ = 2 দিনের মজুরি।,गलत - आधे से अधिक आराम -दिन का काम = 2 दिन की मजदूरी।
144,Normal pay,D,Incorrect - More than half rest-day work = 2 days' wages.,False,42,,,,6,38,Tidak betul - lebih daripada separuh kerja rehat hari = upah 2 hari.,गलत - आधा आराम दिन भन्दा बढी काम = 2 दिन 'ज्याला।,ভুল - অর্ধেকেরও বেশি বিশ্রাম -দিনের কাজ = 2 দিনের মজুরি।,गलत - आधे से अधिक आराम -दिन का काम = 2 दिन की मजदूरी।
145,Monthly ÷ 30,A,Incorrect - Monthly ÷ 26 (or weekly ÷ 6).,False,43,,,,6,39,Tidak betul - bulanan ÷ 26 (atau mingguan ÷ 6).,गलत - मासिक ÷ 26 (वा साप्ताहिक ÷))।,ভুল - মাসিক ÷ 26 (বা সাপ্তাহিক ÷ 6)।,गलत - मासिक (26 (या साप्ताहिक) 6)।
146,Monthly ÷ 26,B,Correct - Monthly ÷ 26 (or weekly ÷ 6).,True,43,,,,6,39,Betul - bulanan ÷ 26 (atau mingguan ÷ 6).,सहि - मासिक ÷ 26 (वा वा साप्ताहिक ÷))।,সঠিক - মাসিক ÷ 26 (বা সাপ্তাহিক ÷ 6)।,सही - मासिक (26 (या साप्ताहिक) 6)।
147,Weekly ÷ 7,C,Incorrect - Monthly ÷ 26 (or weekly ÷ 6).,False,43,,,,6,39,Tidak betul - bulanan ÷ 26 (atau mingguan ÷ 6).,गलत - मासिक ÷ 26 (वा साप्ताहिक ÷))।,ভুল - মাসিক ÷ 26 (বা সাপ্তাহিক ÷ 6)।,गलत - मासिक (26 (या साप्ताहिक) 6)।
148,Monthly ÷ 20,D,Incorrect - Monthly ÷ 26 (or weekly ÷ 6).,False,43,,,,6,39,Tidak betul - bulanan ÷ 26 (atau mingguan ÷ 6).,गलत - मासिक ÷ 26 (वा साप्ताहिक ÷))।,ভুল - মাসিক ÷ 26 (বা সাপ্তাহিক ÷ 6)।,गलत - मासिक (26 (या साप्ताहिक) 6)।
149,Yes,A,Incorrect - OT must be paid at least 1.5×.,False,44,,,,6,37,Tidak betul - OT mesti dibayar sekurang -kurangnya 1.5 ×.,गलत - ओटलाई कम्तिमा 1. 1.5 × p भुक्तान गर्नुपर्दछ।,ভুল - ওটি অবশ্যই কমপক্ষে 1.5 × প্রদান করতে হবে ×,गलत - ओटी को कम से कम 1.5 × का भुगतान किया जाना चाहिए।
150,No,B,Correct - OT must be paid at least 1.5×.,True,44,,,,6,37,Betul - OT mesti dibayar sekurang -kurangnya 1.5 ×.,सहि - ओट कम्तिमा 1.55 × p भुक्तान गर्नुपर्दछ।,সঠিক - ওটি অবশ্যই কমপক্ষে 1.5 × প্রদান করতে হবে ×,सही - ओटी को कम से कम 1.5 × का भुगतान किया जाना चाहिए।
151,,A,Incorrect - Half rest-day work = 1 day's wages.,False,45,,,,6,38,Tidak betul - Kerja separuh hari ini = upah 1 hari.,गलत - आधा आराम दिन काम = 1 दिनको ज्याला।,ভুল - হাফ রেস্ট -ডে ওয়ার্ক = 1 দিনের মজুরি।,गलत - आधा आराम -दिन का काम = 1 दिन की मजदूरी।
152,1 day's wages,B,Correct - Half rest-day work = 1 day's wages.,True,45,,,,6,38,Betul - separuh hari kerja rehat = upah 1 hari.,सही - आधा आराम दिन काम = 1 दिनको ज्याला।,সঠিক - হাফ রেস্ট -ডে ওয়ার্ক = 1 দিনের মজুরি।,सही - आधा आराम -दिन का काम = 1 दिन की मजदूरी।
153,2 days' wages,C,Incorrect - Half rest-day work = 1 day's wages.,False,45,,,,6,38,Tidak betul - Kerja separuh hari ini = upah 1 hari.,गलत - आधा आराम दिन काम = 1 दिनको ज्याला।,ভুল - হাফ রেস্ট -ডে ওয়ার্ক = 1 দিনের মজুরি।,गलत - आधा आराम -दिन का काम = 1 दिन की मजदूरी।
154,Normal pay only,D,Incorrect - Half rest-day work = 1 day's wages.,False,45,,,,6,38,Tidak betul - Kerja separuh hari ini = upah 1 hari.,गलत - आधा आराम दिन काम = 1 दिनको ज्याला।,ভুল - হাফ রেস্ট -ডে ওয়ার্ক = 1 দিনের মজুরি।,गलत - आधा आराम -दिन का काम = 1 दिन की मजदूरी।
155,1 day's wages,A,Incorrect - Full rest-day work = 2 days' wages.,False,46,,,,6,38,Tidak betul - Kerja rehat penuh hari = upah 2 hari.,गलत - पूर्ण विश्राम-दिन काम = 2 दिन 'ज्याला।,ভুল - পুরো বিশ্রাম -দিনের কাজ = 2 দিনের মজুরি।,गलत - पूर्ण आराम -दिन का काम = 2 दिन की मजदूरी।
156,2 days' wages,B,Correct - Full rest-day work = 2 days' wages.,True,46,,,,6,38,Betul - kerja rehat penuh penuh = upah 2 hari.,सही - पूर्ण विश्राम-दिन काम = 2 दिन 'ज्याला।,সঠিক - পুরো বিশ্রাম -দিনের কাজ = 2 দিনের মজুরি।,सही - पूर्ण आराम -दिन का काम = 2 दिन की मजदूरी।
157,1.5× hourly rate,C,Incorrect - Full rest-day work = 2 days' wages.,False,46,,,,6,38,Tidak betul - Kerja rehat penuh hari = upah 2 hari.,गलत - पूर्ण विश्राम-दिन काम = 2 दिन 'ज्याला।,ভুল - পুরো বিশ্রাম -দিনের কাজ = 2 দিনের মজুরি।,गलत - पूर्ण आराम -दिन का काम = 2 दिन की मजदूरी।
158,Normal pay,D,Incorrect - Full rest-day work = 2 days' wages.,False,46,,,,6,38,Tidak betul - Kerja rehat penuh hari = upah 2 hari.,गलत - पूर्ण विश्राम-दिन काम = 2 दिन 'ज्याला।,ভুল - পুরো বিশ্রাম -দিনের কাজ = 2 দিনের মজুরি।,गलत - पूर्ण आराम -दिन का काम = 2 दिन की मजदूरी।
159,Normal rate,A,Incorrect - OT on rest day must be at least double hourly rate.,False,47,,,,6,38,Tidak betul - pada hari rehat mestilah sekurang -kurangnya kadar dua jam.,गलत - सिड्स दिन मा ओट कम्तिमा दुई घण्टा घण्टा दर हुनुपर्दछ।,ভুল - বিশ্রামের দিনটিতে ওটি অবশ্যই কমপক্ষে ডাবল প্রতি ঘন্টা হার হতে হবে।,गलत - ओटी ऑन रेस्ट डे कम से कम दोगुना प्रति घंटा दर होनी चाहिए।
160,1.5×,B,Incorrect - OT on rest day must be at least double hourly rate.,False,47,,,,6,38,Tidak betul - pada hari rehat mestilah sekurang -kurangnya kadar dua jam.,गलत - सिड्स दिन मा ओट कम्तिमा दुई घण्टा घण्टा दर हुनुपर्दछ।,ভুল - বিশ্রামের দিনটিতে ওটি অবশ্যই কমপক্ষে ডাবল প্রতি ঘন্টা হার হতে হবে।,गलत - ओटी ऑन रेस्ट डे कम से कम दोगुना प्रति घंटा दर होनी चाहिए।
161,2× hourly rate,C,Correct - OT on rest day must be at least double hourly rate.,True,47,,,,6,38,Betul - pada hari rehat mestilah sekurang -kurangnya kadar dua jam.,सहि - ओटलाई आराम दिन कम्तिमा दुई पटक दुई घण्टा दर हुनुपर्दछ।,সঠিক - বিশ্রামের দিনটিতে ওটি অবশ্যই কমপক্ষে ডাবল প্রতি ঘন্টা হার হতে হবে।,सही - ओटी ऑन रेस्ट डे कम से कम दोगुने प्रति घंटा की दर होनी चाहिए।
162,No pay,D,Incorrect - OT on rest day must be at least double hourly rate.,False,47,,,,6,38,Tidak betul - pada hari rehat mestilah sekurang -kurangnya kadar dua jam.,गलत - सिड्स दिन मा ओट कम्तिमा दुई घण्टा घण्टा दर हुनुपर्दछ।,ভুল - বিশ্রামের দিনটিতে ওটি অবশ্যই কমপক্ষে ডাবল প্রতি ঘন্টা হার হতে হবে।,गलत - ओटी ऑन रेस्ट डे कम से कम दोगुना प्रति घंटा दर होनी चाहिए।
163,Yes,A,Incorrect - Must use monthly ÷ 26.,False,48,,,,6,39,Tidak betul - mesti menggunakan bulanan ÷ 26.,गलत - मासिक ÷ 2 26 प्रयोग गर्नुपर्दछ।,ভুল - অবশ্যই মাসিক ÷ 26 ব্যবহার করতে হবে।,गलत - मासिक। 26 का उपयोग करना चाहिए।
164,No,B,Correct - Must use monthly ÷ 26.,True,48,,,,6,39,Betul - mesti menggunakan bulanan ÷ 26.,सहि - मासिक ÷ 26 प्रयोग गर्नुपर्नेछ।,সঠিক - অবশ্যই মাসিক ÷ 26 ব্যবহার করতে হবে।,सही - मासिक। 26 का उपयोग करना चाहिए।
165,100 sqm,A,Incorrect - 250 square meters.,False,49,,,,7,40,Tidak betul - 250 meter persegi.,गलत - 250 वर्ग मीटर।,ভুল - 250 বর্গ মিটার।,गलत - 250 वर्ग मीटर।
166,150 sqm,B,Incorrect - 250 square meters.,False,49,,,,7,40,Tidak betul - 250 meter persegi.,गलत - 250 वर्ग मीटर।,ভুল - 250 বর্গ মিটার।,गलत - 250 वर्ग मीटर।
167,200 sqm,C,Incorrect - 250 square meters.,False,49,,,,7,40,Tidak betul - 250 meter persegi.,गलत - 250 वर्ग मीटर।,ভুল - 250 বর্গ মিটার।,गलत - 250 वर्ग मीटर।
168,250 sqm,D,Correct - 250 square meters.,True,49,,,,7,40,Betul - 250 meter persegi.,सही - 250 वर्ग मीटर।,সঠিক - 250 বর্গ মিটার।,सही - 250 वर्ग मीटर।
169,Nothing extra,A,Incorrect - Community hall and recreation facilities are required.,False,50,,,,7,41,Tidak betul - Kemudahan Dewan Komuniti dan Rekreasi diperlukan.,गलत - सामुदायिक हल र मनोरन्जन सुविधाहरू आवश्यक छन्।,ভুল - কমিউনিটি হল এবং বিনোদন সুবিধা প্রয়োজন।,गलत - सामुदायिक हॉल और मनोरंजन सुविधाओं की आवश्यकता है।
170,Community hall & recreation facilities,B,Correct - Community hall and recreation facilities are required.,True,50,,,,7,41,Betul - Kemudahan Dewan Komuniti dan Rekreasi diperlukan.,सही - सामुदायिक हल र मनोरन्जन सुविधाहरू आवश्यक छ।,সঠিক - কমিউনিটি হল এবং বিনোদন সুবিধা প্রয়োজন।,सही - सामुदायिक हॉल और मनोरंजन सुविधाओं की आवश्यकता है।
171,Only clinic,C,Incorrect - Community hall and recreation facilities are required.,False,50,,,,7,41,Tidak betul - Kemudahan Dewan Komuniti dan Rekreasi diperlukan.,गलत - सामुदायिक हल र मनोरन्जन सुविधाहरू आवश्यक छन्।,ভুল - কমিউনিটি হল এবং বিনোদন সুবিধা প্রয়োজন।,गलत - सामुदायिक हॉल और मनोरंजन सुविधाओं की आवश्यकता है।
172,Only dorm rooms,D,Incorrect - Community hall and recreation facilities are required.,False,50,,,,7,41,Tidak betul - Kemudahan Dewan Komuniti dan Rekreasi diperlukan.,गलत - सामुदायिक हल र मनोरन्जन सुविधाहरू आवश्यक छन्।,ভুল - কমিউনিটি হল এবং বিনোদন সুবিধা প্রয়োজন।,गलत - सामुदायिक हॉल और मनोरंजन सुविधाओं की आवश्यकता है।
173,Government,A,Incorrect - Employer must maintain a clinic with doctor visits.,False,51,,,,7,42,Tidak betul - Majikan mesti mengekalkan klinik dengan lawatan doktor.,गलत - रोजगारदाता डाक्टर भ्रमणको साथ क्लिनिक कायम गर्नै पर्छ।,ভুল - নিয়োগকর্তাকে অবশ্যই ডাক্তার ভিজিট সহ একটি ক্লিনিক বজায় রাখতে হবে।,गलत - नियोक्ता को डॉक्टर के दौरे के साथ एक क्लिनिक बनाए रखना चाहिए।
174,Employer,B,Correct - Employer must maintain a clinic with doctor visits.,True,51,,,,7,42,Betul - Majikan mesti mengekalkan klinik dengan lawatan doktor.,सहि - रोजगारदाता डाक्टर भ्रमणको साथ क्लिनिक कायम गर्नै पर्छ।,সঠিক - নিয়োগকর্তাকে অবশ্যই ডাক্তার ভিজিট সহ একটি ক্লিনিক বজায় রাখতে হবে।,सही - नियोक्ता को डॉक्टर के दौरे के साथ एक क्लिनिक बनाए रखना चाहिए।
175,Union,C,Incorrect - Employer must maintain a clinic with doctor visits.,False,51,,,,7,42,Tidak betul - Majikan mesti mengekalkan klinik dengan lawatan doktor.,गलत - रोजगारदाता डाक्टर भ्रमणको साथ क्लिनिक कायम गर्नै पर्छ।,ভুল - নিয়োগকর্তাকে অবশ্যই ডাক্তার ভিজিট সহ একটি ক্লিনিক বজায় রাখতে হবে।,गलत - नियोक्ता को डॉक्टर के दौरे के साथ एक क्लिनिक बनाए रखना चाहिए।
176,NGO,D,Incorrect - Employer must maintain a clinic with doctor visits.,False,51,,,,7,42,Tidak betul - Majikan mesti mengekalkan klinik dengan lawatan doktor.,गलत - रोजगारदाता डाक्टर भ्रमणको साथ क्लिनिक कायम गर्नै पर्छ।,ভুল - নিয়োগকর্তাকে অবশ্যই ডাক্তার ভিজিট সহ একটি ক্লিনিক বজায় রাখতে হবে।,गलत - नियोक्ता को डॉक्टर के दौरे के साथ एक क्लिनिक बनाए रखना चाहिए।
177,Yes,A,Correct - Certificate for Accommodation is required.,True,52,,,,7,43,Betul - Sijil untuk penginapan diperlukan.,सही - आवासको लागि प्रमाणपत्र आवश्यक छ।,সঠিক - আবাসনের জন্য শংসাপত্র প্রয়োজন।,सही - आवास के लिए प्रमाण पत्र की आवश्यकता है।
178,No,B,Incorrect - Certificate for Accommodation is required.,False,52,,,,7,43,Tidak betul - Sijil untuk penginapan diperlukan.,गलत - आवासको लागि प्रमाणपत्र आवश्यक छ।,ভুল - আবাসনের জন্য শংসাপত্র প্রয়োজন।,गलत - आवास के लिए प्रमाण पत्र की आवश्यकता है।
179,Yes,A,Incorrect - Rent/charges must be deducted via wages under prescribed conditions.,False,53,,,,7,44,Tidak betul - Sewa/caj mesti ditolak melalui upah di bawah syarat yang ditetapkan.,गलत - भाँडा / शुल्कहरू निर्धारित सर्तहरू अन्तर्गत ज्याला मार्फत कटौती हुनुपर्दछ।,ভুল - নির্ধারিত শর্তে মজুরির মাধ্যমে ভাড়া/চার্জগুলি কেটে নেওয়া উচিত।,गलत - किराए/शुल्क को निर्धारित शर्तों के तहत मजदूरी के माध्यम से काट दिया जाना चाहिए।
180,No,B,Correct - Rent/charges must be deducted via wages under prescribed conditions.,True,53,,,,7,44,Betul - Sewa/caj mesti ditolak melalui upah di bawah syarat yang ditetapkan.,सही - भाँडा / शुल्कहरू निर्धारित सर्तहरू अन्तर्गत ज्याला मार्फत कटौती हुनुपर्दछ।,সঠিক - নির্ধারিত শর্তে মজুরির মাধ্যমে ভাড়া/চার্জগুলি কেটে নেওয়া উচিত।,सही - किराया/शुल्क निर्धारित शर्तों के तहत मजदूरी के माध्यम से काट दिया जाना चाहिए।
181,Yes,A,Incorrect - Unfit buildings cannot be used for accommodation.,False,54,,,,7,45,Tidak betul - Bangunan yang tidak sesuai tidak boleh digunakan untuk penginapan.,गलत - असीमित भवनहरू आवासको लागि प्रयोग गर्न सकिदैन।,ভুল - অযোগ্য বিল্ডিংগুলি আবাসনের জন্য ব্যবহার করা যাবে না।,गलत - अनफिट इमारतों का उपयोग आवास के लिए नहीं किया जा सकता है।
182,No,B,Correct - Unfit buildings cannot be used for accommodation.,True,54,,,,7,45,Betul - Bangunan yang tidak sesuai tidak boleh digunakan untuk penginapan.,सही - अयोग्य भवनहरू आवासको लागि प्रयोग गर्न सकिदैन।,সঠিক - অযোগ্য বিল্ডিংগুলি আবাসনের জন্য ব্যবহার করা যাবে না।,सही - आवास के लिए अनफिट इमारतों का उपयोग नहीं किया जा सकता है।
183,,A,Incorrect - Adequate water and electricity must be provided.,False,55,,,,7,47,Tidak betul - Air dan elektrik yang mencukupi mesti disediakan.,गलत - पर्याप्त पानी र बिजुली प्रदान गर्नुपर्दछ।,ভুল - পর্যাপ্ত জল এবং বিদ্যুৎ সরবরাহ করতে হবে।,गलत - पर्याप्त पानी और बिजली प्रदान की जानी चाहिए।
184,Only electricity,B,Incorrect - Adequate water and electricity must be provided.,False,55,,,,7,47,Tidak betul - Air dan elektrik yang mencukupi mesti disediakan.,गलत - पर्याप्त पानी र बिजुली प्रदान गर्नुपर्दछ।,ভুল - পর্যাপ্ত জল এবং বিদ্যুৎ সরবরাহ করতে হবে।,गलत - पर्याप्त पानी और बिजली प्रदान की जानी चाहिए।
185,Only water,C,Incorrect - Adequate water and electricity must be provided.,False,55,,,,7,47,Tidak betul - Air dan elektrik yang mencukupi mesti disediakan.,गलत - पर्याप्त पानी र बिजुली प्रदान गर्नुपर्दछ।,ভুল - পর্যাপ্ত জল এবং বিদ্যুৎ সরবরাহ করতে হবে।,गलत - पर्याप्त पानी और बिजली प्रदान की जानी चाहिए।
186,Water and electricity,D,Correct - Adequate water and electricity must be provided.,True,55,,,,7,47,Betul - air dan elektrik yang mencukupi mesti disediakan.,सुधार गर्नुहोस् - पर्याप्त पानी र बिजुली प्रदान गर्नुपर्दछ।,সঠিক - পর্যাপ্ত জল এবং বিদ্যুৎ সরবরাহ করতে হবে।,सही - पर्याप्त पानी और बिजली प्रदान की जानी चाहिए।
187,Yes,A,Incorrect - Worker generally has up to 4 weeks to vacate after short-notice termination.,False,56,,,,7,46,Tidak betul - Pekerja umumnya mempunyai sehingga 4 minggu untuk mengosongkan selepas penamatan notis pendek.,गलत - श्रमिक सामान्यतया छोटो सूचना टर्मिनेसन पछि खाली ठाउँसम्म छ।,ভুল - স্বল্প -নোটিশ সমাপ্তির পরে খালি করতে শ্রমিকের সাধারণত 4 সপ্তাহ পর্যন্ত থাকে।,गलत - कार्यकर्ता को आमतौर पर शॉर्ट -नोटिस समाप्ति के बाद खाली करने के लिए 4 सप्ताह तक होता है।
188,No,B,Correct - Worker generally has up to 4 weeks to vacate after short-notice termination.,True,56,,,,7,46,Betul - Pekerja umumnya mempunyai sehingga 4 minggu untuk mengosongkan selepas penamatan notis pendek.,सही - श्रमिक सामान्यतया छोटो सूचना टर्मिनेसन पछि खाली ठाउँसम्म सम्ममा छ।,সঠিক - স্বল্প -নোটিশ সমাপ্তির পরে খালি করতে শ্রমিকের সাধারণত 4 সপ্তাহ পর্যন্ত থাকে।,सही - कार्यकर्ता को आमतौर पर शॉर्ट -नोटिस समाप्ति के बाद खाली करने के लिए 4 सप्ताह तक होता है।
189,"Provide safe equipment and systems, training, emergency procedures",A,"Correct - Employers must ensure safety, training, safe systems, facilities, and emergency procedures.",True,57,,,,8,49,"Betul - Majikan mesti memastikan keselamatan, latihan, sistem selamat, kemudahan, dan prosedur kecemasan.","सही - नियोक्ताहरूले सुरक्षा, प्रशिक्षण, सुरक्षित प्रणाली, सुविधा, र आपतकालीन प्रक्रियाहरू सुनिश्चित गर्नै पर्छ।","সঠিক - নিয়োগকারীদের অবশ্যই সুরক্ষা, প্রশিক্ষণ, নিরাপদ সিস্টেম, সুবিধা এবং জরুরি পদ্ধতিগুলি নিশ্চিত করতে হবে।","सही - नियोक्ताओं को सुरक्षा, प्रशिक्षण, सुरक्षित प्रणाली, सुविधाएं और आपातकालीन प्रक्रियाओं को सुनिश्चित करना चाहिए।"
190,Only pay on time,B,"Incorrect - Employers must ensure safety, training, safe systems, facilities, and emergency procedures.",False,57,,,,8,49,"Tidak betul - Majikan mesti memastikan keselamatan, latihan, sistem selamat, kemudahan, dan prosedur kecemasan.","गलत - रोजगारदाताहरूले सुरक्षा, प्रशिक्षण, सुरक्षित प्रणाली, सुविधा, र आर्मीहरूको प्रक्रिया सुनिश्चित गर्नुपर्दछ।","ভুল - নিয়োগকারীদের অবশ্যই সুরক্ষা, প্রশিক্ষণ, নিরাপদ সিস্টেম, সুবিধা এবং জরুরি পদ্ধতিগুলি নিশ্চিত করতে হবে।","गलत - नियोक्ताओं को सुरक्षा, प्रशिक्षण, सुरक्षित प्रणाली, सुविधाएं और आपातकालीन प्रक्रियाएं सुनिश्चित करनी चाहिए।"
191,Nothing specific,C,"Incorrect - Employers must ensure safety, training, safe systems, facilities, and emergency procedures.",False,57,,,,8,49,"Tidak betul - Majikan mesti memastikan keselamatan, latihan, sistem selamat, kemudahan, dan prosedur kecemasan.","गलत - रोजगारदाताहरूले सुरक्षा, प्रशिक्षण, सुरक्षित प्रणाली, सुविधा, र आर्मीहरूको प्रक्रिया सुनिश्चित गर्नुपर्दछ।","ভুল - নিয়োগকারীদের অবশ্যই সুরক্ষা, প্রশিক্ষণ, নিরাপদ সিস্টেম, সুবিধা এবং জরুরি পদ্ধতিগুলি নিশ্চিত করতে হবে।","गलत - नियोक्ताओं को सुरक्षा, प्रशिक्षण, सुरक्षित प्रणाली, सुविधाएं और आपातकालीन प्रक्रियाएं सुनिश्चित करनी चाहिए।"
192,Leave to workers,D,"Incorrect - Employers must ensure safety, training, safe systems, facilities, and emergency procedures.",False,57,,,,8,49,"Tidak betul - Majikan mesti memastikan keselamatan, latihan, sistem selamat, kemudahan, dan prosedur kecemasan.","गलत - रोजगारदाताहरूले सुरक्षा, प्रशिक्षण, सुरक्षित प्रणाली, सुविधा, र आर्मीहरूको प्रक्रिया सुनिश्चित गर्नुपर्दछ।","ভুল - নিয়োগকারীদের অবশ্যই সুরক্ষা, প্রশিক্ষণ, নিরাপদ সিস্টেম, সুবিধা এবং জরুরি পদ্ধতিগুলি নিশ্চিত করতে হবে।","गलत - नियोक्ताओं को सुरक्षा, प्रशिक्षण, सुरक्षित प्रणाली, सुविधाएं और आपातकालीन प्रक्रियाएं सुनिश्चित करनी चाहिए।"
193,Ignore safety rules,A,Incorrect - Workers must cooperate on safety and wear PPE; penalties apply for breaches.,False,58,,,,8,50,Tidak betul - Pekerja mesti bekerjasama dengan keselamatan dan memakai PPE; Penalti memohon pelanggaran.,गलत - कामदारहरूले सुरक्षामा सहयोग गर्नुपर्दछ र ppe लगाउँछन्; दण्डहरू उल्लंघनको लागि आवेदन दिनुहोस्।,ভুল - শ্রমিকদের অবশ্যই সুরক্ষায় সহযোগিতা করতে হবে এবং পিপিই পরতে হবে; জরিমানা লঙ্ঘনের জন্য প্রযোজ্য।,गलत - श्रमिकों को सुरक्षा पर सहयोग करना चाहिए और पीपीई पहनना चाहिए; उल्लंघनों के लिए दंड लागू होता है।
194,Care for own & others' safety and wear PPE,B,Correct - Workers must cooperate on safety and wear PPE; penalties apply for breaches.,True,58,,,,8,50,Betul - Pekerja mesti bekerjasama dengan keselamatan dan memakai PPE; Penalti memohon pelanggaran.,सहि - कामदारहरूले सुरक्षामा सहयोग गर्नुपर्दछ र ppe लगाउँछन्; दण्डहरू उल्लंघनको लागि आवेदन दिनुहोस्।,সঠিক - শ্রমিকদের অবশ্যই সুরক্ষায় সহযোগিতা করতে হবে এবং পিপিই পরতে হবে; জরিমানা লঙ্ঘনের জন্য প্রযোজ্য।,सही - श्रमिकों को सुरक्षा पर सहयोग करना चाहिए और पीपीई पहनना चाहिए; उल्लंघनों के लिए दंड लागू होता है।
195,Never report hazards,C,Incorrect - Workers must cooperate on safety and wear PPE; penalties apply for breaches.,False,58,,,,8,50,Tidak betul - Pekerja mesti bekerjasama dengan keselamatan dan memakai PPE; Penalti memohon pelanggaran.,गलत - कामदारहरूले सुरक्षामा सहयोग गर्नुपर्दछ र ppe लगाउँछन्; दण्डहरू उल्लंघनको लागि आवेदन दिनुहोस्।,ভুল - শ্রমিকদের অবশ্যই সুরক্ষায় সহযোগিতা করতে হবে এবং পিপিই পরতে হবে; জরিমানা লঙ্ঘনের জন্য প্রযোজ্য।,गलत - श्रमिकों को सुरक्षा पर सहयोग करना चाहिए और पीपीई पहनना चाहिए; उल्लंघनों के लिए दंड लागू होता है।
196,Choose any equipment,D,Incorrect - Workers must cooperate on safety and wear PPE; penalties apply for breaches.,False,58,,,,8,50,Tidak betul - Pekerja mesti bekerjasama dengan keselamatan dan memakai PPE; Penalti memohon pelanggaran.,गलत - कामदारहरूले सुरक्षामा सहयोग गर्नुपर्दछ र ppe लगाउँछन्; दण्डहरू उल्लंघनको लागि आवेदन दिनुहोस्।,ভুল - শ্রমিকদের অবশ্যই সুরক্ষায় সহযোগিতা করতে হবে এবং পিপিই পরতে হবে; জরিমানা লঙ্ঘনের জন্য প্রযোজ্য।,गलत - श्रमिकों को सुरक्षा पर सहयोग करना चाहिए और पीपीई पहनना चाहिए; उल्लंघनों के लिए दंड लागू होता है।
197,No penalty,A,"Incorrect - Fines up to RM2,000 or jail up to 3 months.",False,59,,,,8,50,"Tidak betul - Denda sehingga RM2,000 atau penjara sehingga 3 bulan.","गलत - rm2,000 सम्म rm2,000 सम्म जेलमा।","ভুল - আরএম 2,000 বা 3 মাস পর্যন্ত জেল পর্যন্ত জরিমানা।","गलत - RM2,000 तक का जुर्माना या 3 महीने तक की जेल।"
198,"RM2,000 fine or up to 3 months jail",B,"Correct - Fines up to RM2,000 or jail up to 3 months.",True,59,,,,8,50,"Betul - Denda sehingga RM2,000 atau penjara sehingga 3 bulan.","सही - rm2,000 सम्म rm2,000 सम्म जेलमा।","সঠিক - আরএম 2,000 বা 3 মাস পর্যন্ত জেল পর্যন্ত জরিমানা।","सही - RM2,000 या 3 महीने तक की जेल तक जुर्माना।"
199,Only warning,C,"Incorrect - Fines up to RM2,000 or jail up to 3 months.",False,59,,,,8,50,"Tidak betul - Denda sehingga RM2,000 atau penjara sehingga 3 bulan.","गलत - rm2,000 सम्म rm2,000 सम्म जेलमा।","ভুল - আরএম 2,000 বা 3 মাস পর্যন্ত জেল পর্যন্ত জরিমানা।","गलत - RM2,000 तक का जुर्माना या 3 महीने तक की जेल।"
200,RM500 fine,D,"Incorrect - Fines up to RM2,000 or jail up to 3 months.",False,59,,,,8,50,"Tidak betul - Denda sehingga RM2,000 atau penjara sehingga 3 bulan.","गलत - rm2,000 सम्म rm2,000 सम्म जेलमा।","ভুল - আরএম 2,000 বা 3 মাস পর্যন্ত জেল পর্যন্ত জরিমানা।","गलत - RM2,000 तक का जुर्माना या 3 महीने तक की जेल।"
201,10 workers,A,Incorrect - Required for 40 or more workers or if directed.,False,60,,,,8,52,Tidak betul - diperlukan untuk 40 atau lebih pekerja atau jika diarahkan.,गलत - 400 वा अधिक कामदारहरूको लागि आवश्यक छ वा निर्देशन गरिएको छ भने।,ভুল - 40 বা ততোধিক কর্মীদের জন্য প্রয়োজনীয় বা যদি নির্দেশিত হয়।,गलत - 40 या अधिक श्रमिकों के लिए आवश्यक है या यदि निर्देशित किया गया है।
202,20 workers,B,Incorrect - Required for 40 or more workers or if directed.,False,60,,,,8,52,Tidak betul - diperlukan untuk 40 atau lebih pekerja atau jika diarahkan.,गलत - 400 वा अधिक कामदारहरूको लागि आवश्यक छ वा निर्देशन गरिएको छ भने।,ভুল - 40 বা ততোধিক কর্মীদের জন্য প্রয়োজনীয় বা যদি নির্দেশিত হয়।,गलत - 40 या अधिक श्रमिकों के लिए आवश्यक है या यदि निर्देशित किया गया है।
203,40 workers,C,Correct - Required for 40 or more workers or if directed.,True,60,,,,8,52,Betul - diperlukan untuk 40 atau lebih pekerja atau jika diarahkan.,सही - 400 वा बढी कामदारहरूको लागि आवश्यक छ वा निर्देशन गरिएको छ भने।,সঠিক - 40 বা ততোধিক শ্রমিকের জন্য প্রয়োজনীয় বা যদি নির্দেশিত হয়।,सही - 40 या अधिक श्रमिकों के लिए आवश्यक है या यदि निर्देशित किया गया है।
204,100 workers,D,Incorrect - Required for 40 or more workers or if directed.,False,60,,,,8,52,Tidak betul - diperlukan untuk 40 atau lebih pekerja atau jika diarahkan.,गलत - 400 वा अधिक कामदारहरूको लागि आवश्यक छ वा निर्देशन गरिएको छ भने।,ভুল - 40 বা ততোধিক কর্মীদের জন্য প্রয়োজনীয় বা যদি নির্দেশিত হয়।,गलत - 40 या अधिक श्रमिकों के लिए आवश्यक है या यदि निर्देशित किया गया है।
205,Employer,A,Correct - Employer must notify the nearest OSH office.,True,61,,,,8,53,Betul - Majikan mesti memberitahu pejabat OSH terdekat.,सहि - रोजगारदाताले नजिकको ओएसएच कार्यालयलाई सूचित गर्नुपर्दछ।,সঠিক - নিয়োগকর্তাকে অবশ্যই নিকটতম ওএসএইচ অফিসকে অবহিত করতে হবে।,सही - नियोक्ता को निकटतम OSH कार्यालय को सूचित करना चाहिए।
206,Worker,B,Incorrect - Employer must notify the nearest OSH office.,False,61,,,,8,53,Tidak betul - Majikan mesti memaklumkan pejabat OSH yang terdekat.,गलत - नियोक्ताले नजिकको ओएसएफ अफिस सूचित गर्नुपर्दछ।,ভুল - নিয়োগকর্তাকে অবশ্যই নিকটতম ওএসএইচ অফিসকে অবহিত করতে হবে।,गलत - नियोक्ता को निकटतम OSH कार्यालय को सूचित करना चाहिए।
207,Police,C,Incorrect - Employer must notify the nearest OSH office.,False,61,,,,8,53,Tidak betul - Majikan mesti memaklumkan pejabat OSH yang terdekat.,गलत - नियोक्ताले नजिकको ओएसएफ अफिस सूचित गर्नुपर्दछ।,ভুল - নিয়োগকর্তাকে অবশ্যই নিকটতম ওএসএইচ অফিসকে অবহিত করতে হবে।,गलत - नियोक्ता को निकटतम OSH कार्यालय को सूचित करना चाहिए।
208,Nobody,D,Incorrect - Employer must notify the nearest OSH office.,False,61,,,,8,53,Tidak betul - Majikan mesti memaklumkan pejabat OSH yang terdekat.,गलत - नियोक्ताले नजिकको ओएसएफ अफिस सूचित गर्नुपर्दछ।,ভুল - নিয়োগকর্তাকে অবশ্যই নিকটতম ওএসএইচ অফিসকে অবহিত করতে হবে।,गलत - नियोक्ता को निकटतम OSH कार्यालय को सूचित करना चाहिए।
209,Yes,A,Incorrect - Employers must take fire safety measures.,False,62,,,,8,48,Tidak betul - Majikan mesti mengambil langkah keselamatan kebakaran.,गलत - रोजगारदाताहरूले फायर सुरक्षा उपायहरू लिनु पर्छ।,ভুল - নিয়োগকারীদের অবশ্যই আগুন সুরক্ষা ব্যবস্থা গ্রহণ করতে হবে।,गलत - नियोक्ताओं को अग्नि सुरक्षा उपाय करना होगा।
210,No,B,Correct - Employers must take fire safety measures.,True,62,,,,8,48,Betul - Majikan mesti mengambil langkah keselamatan kebakaran.,सही - रोजगारदाताहरूले फायर सुरक्षाको उपायहरू लिनुपर्दछ।,সঠিক - নিয়োগকারীদের অবশ্যই আগুন সুরক্ষা ব্যবস্থা নিতে হবে।,सही - नियोक्ताओं को अग्नि सुरक्षा उपाय करना चाहिए।
211,Payroll only,A,Incorrect - A written safety and health policy must be prepared and communicated.,False,63,,,,8,51,Tidak betul - Dasar keselamatan dan kesihatan bertulis mesti disediakan dan disampaikan.,गलत - लिखित सुरक्षा र स्वास्थ्य नीति तयार र कुराकानी गर्नै पर्छ।,ভুল - একটি লিখিত সুরক্ষা এবং স্বাস্থ্য নীতি অবশ্যই প্রস্তুত এবং যোগাযোগ করতে হবে।,गलत - एक लिखित सुरक्षा और स्वास्थ्य नीति तैयार की जानी चाहिए और संप्रेषित होना चाहिए।
212,Written safety & health policy,B,Correct - A written safety and health policy must be prepared and communicated.,True,63,,,,8,51,Betul - Dasar keselamatan dan kesihatan bertulis mesti disediakan dan disampaikan.,सही - लिखित सुरक्षा र स्वास्थ्य नीति तयार र कुराकानी गर्नै पर्छ।,সঠিক - একটি লিখিত সুরক্ষা এবং স্বাস্থ্য নীতি অবশ্যই প্রস্তুত এবং যোগাযোগ করতে হবে।,सही - एक लिखित सुरक्षा और स्वास्थ्य नीति तैयार की जानी चाहिए और संप्रेषित होना चाहिए।
213,No documents,C,Incorrect - A written safety and health policy must be prepared and communicated.,False,63,,,,8,51,Tidak betul - Dasar keselamatan dan kesihatan bertulis mesti disediakan dan disampaikan.,गलत - लिखित सुरक्षा र स्वास्थ्य नीति तयार र कुराकानी गर्नै पर्छ।,ভুল - একটি লিখিত সুরক্ষা এবং স্বাস্থ্য নীতি অবশ্যই প্রস্তুত এবং যোগাযোগ করতে হবে।,गलत - एक लिखित सुरक्षा और स्वास्थ्य नीति तैयार की जानी चाहिए और संप्रेषित होना चाहिए।
214,Advertising plan,D,Incorrect - A written safety and health policy must be prepared and communicated.,False,63,,,,8,51,Tidak betul - Dasar keselamatan dan kesihatan bertulis mesti disediakan dan disampaikan.,गलत - लिखित सुरक्षा र स्वास्थ्य नीति तयार र कुराकानी गर्नै पर्छ।,ভুল - একটি লিখিত সুরক্ষা এবং স্বাস্থ্য নীতি অবশ্যই প্রস্তুত এবং যোগাযোগ করতে হবে।,गलत - एक लिखित सुरक्षा और स्वास्थ्य नीति तैयार की जानी चाहिए और संप्रेषित होना चाहिए।
215,Do nothing,A,Incorrect - Provide place for safe segregation and bear maintenance/treatment costs as directed.,False,64,,,,8,54,Tidak betul - Menyediakan tempat untuk pemisahan selamat dan kos penyelenggaraan/rawatan seperti yang diarahkan.,गलत - सुरक्षित विभाजनको लागि ठाउँ प्रदान गर्नुहोस् र गाईवस्तुको लागि निर्देशन दिनुहोस्।,ভুল - নির্দেশিত হিসাবে নিরাপদ বিভাজন এবং ভালুক রক্ষণাবেক্ষণ/চিকিত্সা ব্যয়ের জন্য স্থান সরবরাহ করুন।,गलत - सुरक्षित अलगाव के लिए जगह प्रदान करें और निर्देशित के रूप में रखरखाव/उपचार लागत को सहन करें।
216,Provide segregation and pay costs as directed,B,Correct - Provide place for safe segregation and bear maintenance/treatment costs as directed.,True,64,,,,8,54,Betul - Menyediakan tempat untuk pemisahan selamat dan menanggung kos penyelenggaraan/rawatan seperti yang diarahkan.,सहि - सुरक्षित विभाजन सुरक्षित र लिभ रसानको लागि प्रदान गर्नुहोस् निर्देशित रूपमा।,সঠিক - নির্দেশিত হিসাবে নিরাপদ বিভাজন এবং ভালুক রক্ষণাবেক্ষণ/চিকিত্সা ব্যয়ের জন্য স্থান সরবরাহ করুন।,सही - सुरक्षित अलगाव के लिए जगह प्रदान करें और निर्देशित के रूप में रखरखाव/उपचार लागत को सहन करें।
217,Close business only,C,Incorrect - Provide place for safe segregation and bear maintenance/treatment costs as directed.,False,64,,,,8,54,Tidak betul - Menyediakan tempat untuk pemisahan selamat dan kos penyelenggaraan/rawatan seperti yang diarahkan.,गलत - सुरक्षित विभाजनको लागि ठाउँ प्रदान गर्नुहोस् र गाईवस्तुको लागि निर्देशन दिनुहोस्।,ভুল - নির্দেশিত হিসাবে নিরাপদ বিভাজন এবং ভালুক রক্ষণাবেক্ষণ/চিকিত্সা ব্যয়ের জন্য স্থান সরবরাহ করুন।,गलत - सुरक्षित अलगाव के लिए जगह प्रदान करें और निर्देशित के रूप में रखरखाव/उपचार लागत को सहन करें।
218,Ask workers to stay home without pay,D,Incorrect - Provide place for safe segregation and bear maintenance/treatment costs as directed.,False,64,,,,8,54,Tidak betul - Menyediakan tempat untuk pemisahan selamat dan kos penyelenggaraan/rawatan seperti yang diarahkan.,गलत - सुरक्षित विभाजनको लागि ठाउँ प्रदान गर्नुहोस् र गाईवस्तुको लागि निर्देशन दिनुहोस्।,ভুল - নির্দেশিত হিসাবে নিরাপদ বিভাজন এবং ভালুক রক্ষণাবেক্ষণ/চিকিত্সা ব্যয়ের জন্য স্থান সরবরাহ করুন।,गलत - सुरक्षित अलगाव के लिए जगह प्रदान करें और निर्देशित के रूप में रखरखाव/उपचार लागत को सहन करें।
219,60,A,Incorrect - 98 consecutive days; allowance subject to qualifying conditions.,False,65,,,,9,55,Tidak betul - 98 hari berturut -turut; Elaun tertakluk kepada keadaan yang layak.,गलत - 98 लगातार दिन; भत्तालाई योग्यता सर्तहरूको लागि।,ভুল - টানা 98 দিন; ভাতা যোগ্যতার শর্ত সাপেক্ষে।,गलत - 98 लगातार दिन; योग्यता शर्तों के अधीन भत्ता।
220,90,B,Incorrect - 98 consecutive days; allowance subject to qualifying conditions.,False,65,,,,9,55,Tidak betul - 98 hari berturut -turut; Elaun tertakluk kepada keadaan yang layak.,गलत - 98 लगातार दिन; भत्तालाई योग्यता सर्तहरूको लागि।,ভুল - টানা 98 দিন; ভাতা যোগ্যতার শর্ত সাপেক্ষে।,गलत - 98 लगातार दिन; योग्यता शर्तों के अधीन भत्ता।
221,98,C,Correct - 98 consecutive days; allowance subject to qualifying conditions.,True,65,,,,9,55,Betul - 98 hari berturut -turut; Elaun tertakluk kepada keadaan yang layak.,सही - 98 लगातार। भत्तालाई योग्यता सर्तहरूको लागि।,সঠিক - টানা 98 দিন; ভাতা যোগ্যতার শর্ত সাপেক্ষে।,सही - 98 लगातार दिन; योग्यता शर्तों के अधीन भत्ता।
222,100,D,Incorrect - 98 consecutive days; allowance subject to qualifying conditions.,False,65,,,,9,55,Tidak betul - 98 hari berturut -turut; Elaun tertakluk kepada keadaan yang layak.,गलत - 98 लगातार दिन; भत्तालाई योग्यता सर्तहरूको लागि।,ভুল - টানা 98 দিন; ভাতা যোগ্যতার শর্ত সাপেক্ষে।,गलत - 98 लगातार दिन; योग्यता शर्तों के अधीन भत्ता।
223,3,A,Incorrect - 7 consecutive days for eligible married male employees.,False,66,,,,9,60,Tidak betul - 7 hari berturut -turut untuk pekerja lelaki yang sudah berkahwin.,गलत - consent लगातार विवाहित पुरुष कर्मचारीहरूको लगातार।,ভুল - যোগ্য বিবাহিত পুরুষ কর্মীদের জন্য টানা 7 দিন।,गलत - पात्र विवाहित पुरुष कर्मचारियों के लिए लगातार 7 दिन।
224,5,B,Incorrect - 7 consecutive days for eligible married male employees.,False,66,,,,9,60,Tidak betul - 7 hari berturut -turut untuk pekerja lelaki yang sudah berkahwin.,गलत - consent लगातार विवाहित पुरुष कर्मचारीहरूको लगातार।,ভুল - যোগ্য বিবাহিত পুরুষ কর্মীদের জন্য টানা 7 দিন।,गलत - पात्र विवाहित पुरुष कर्मचारियों के लिए लगातार 7 दिन।
225,7,C,Correct - 7 consecutive days for eligible married male employees.,True,66,,,,9,60,Betul - 7 hari berturut -turut untuk pekerja lelaki yang sudah berkahwin.,सहि - char लगातार विवाहित पुरुष कर्मचारीहरूको लागि लगातार दिनहरू।,সঠিক - যোগ্য বিবাহিত পুরুষ কর্মীদের জন্য টানা 7 দিন।,सही - पात्र विवाहित पुरुष कर्मचारियों के लिए लगातार 7 दिन।
226,10,D,Incorrect - 7 consecutive days for eligible married male employees.,False,66,,,,9,60,Tidak betul - 7 hari berturut -turut untuk pekerja lelaki yang sudah berkahwin.,गलत - consent लगातार विवाहित पुरुष कर्मचारीहरूको लगातार।,ভুল - যোগ্য বিবাহিত পুরুষ কর্মীদের জন্য টানা 7 দিন।,गलत - पात्र विवाहित पुरुष कर्मचारियों के लिए लगातार 7 दिन।
227,8,A,Incorrect - At least 11 paid public holidays.,False,67,,,,9,57,Tidak betul - Sekurang -kurangnya 11 cuti umum yang dibayar.,गलत - कम्तिमा 11 भुक्तान गरिएको सार्वजनिक बिदाहरू।,ভুল - কমপক্ষে 11 জন পাবলিক ছুটির দিনে অর্থ প্রদান করা হয়েছে।,गलत - कम से कम 11 ने सार्वजनिक अवकाश का भुगतान किया।
228,10,B,Incorrect - At least 11 paid public holidays.,False,67,,,,9,57,Tidak betul - Sekurang -kurangnya 11 cuti umum yang dibayar.,गलत - कम्तिमा 11 भुक्तान गरिएको सार्वजनिक बिदाहरू।,ভুল - কমপক্ষে 11 জন পাবলিক ছুটির দিনে অর্থ প্রদান করা হয়েছে।,गलत - कम से कम 11 ने सार्वजनिक अवकाश का भुगतान किया।
229,11,C,Correct - At least 11 paid public holidays.,True,67,,,,9,57,Betul - sekurang -kurangnya 11 cuti umum yang dibayar.,सही - कम्तिमा 11 भुक्तान गरिएको सार्वजनिक बिदाहरू।,সঠিক - কমপক্ষে 11 পেড পাবলিক ছুটি।,सही - कम से कम 11 भुगतान सार्वजनिक अवकाश।
230,12,D,Incorrect - At least 11 paid public holidays.,False,67,,,,9,57,Tidak betul - Sekurang -kurangnya 11 cuti umum yang dibayar.,गलत - कम्तिमा 11 भुक्तान गरिएको सार्वजनिक बिदाहरू।,ভুল - কমপক্ষে 11 জন পাবলিক ছুটির দিনে অর্থ প্রদান করা হয়েছে।,गलत - कम से कम 11 ने सार्वजनिक अवकाश का भुगतान किया।
231,12 days,A,Incorrect - 16 days per 12 months.,False,68,,,,9,58,Tidak betul - 16 hari setiap 12 bulan.,गलत - 1 16 दिन प्रति 12 महिना।,ভুল - 12 মাসে প্রতি 16 দিন।,गलत - 16 दिन प्रति 12 महीने।
232,14 days,B,Incorrect - 16 days per 12 months.,False,68,,,,9,58,Tidak betul - 16 hari setiap 12 bulan.,गलत - 1 16 दिन प्रति 12 महिना।,ভুল - 12 মাসে প্রতি 16 দিন।,गलत - 16 दिन प्रति 12 महीने।
233,16 days,C,Correct - 16 days per 12 months.,True,68,,,,9,58,Betul - 16 hari setiap 12 bulan.,सही - 1 16 दिन प्रति 12 महिना।,সঠিক - প্রতি 12 মাসে 16 দিন।,सही - 16 दिन प्रति 12 महीने।
234,18 days,D,Incorrect - 16 days per 12 months.,False,68,,,,9,58,Tidak betul - 16 hari setiap 12 bulan.,गलत - 1 16 दिन प्रति 12 महिना।,ভুল - 12 মাসে প্রতি 16 দিন।,गलत - 16 दिन प्रति 12 महीने।
235,Yes,A,Incorrect - It's an offence; court can order payment/penalties.,False,69,,,,9,61,Tidak betul - ia adalah kesalahan; Mahkamah boleh memerintahkan pembayaran/penalti.,गलत - यो एक अपराध हो; अदालतले भुक्तानी / दण्ड प्रदान गर्न सक्दछ।,ভুল - এটি একটি অপরাধ; আদালত অর্থ প্রদান/জরিমানা অর্ডার করতে পারে।,गलत - यह एक अपराध है; अदालत भुगतान/दंड का आदेश दे सकती है।
236,No,B,Correct - It's an offence; court can order payment/penalties.,True,69,,,,9,61,Betul - itu adalah kesalahan; Mahkamah boleh memerintahkan pembayaran/penalti.,सही - यो एक अपराध हो; अदालतले भुक्तानी / दण्ड प्रदान गर्न सक्दछ।,সঠিক - এটি একটি অপরাধ; আদালত অর্থ প্রদান/জরিমানা অর্ডার করতে পারে।,सही - यह एक अपराध है; अदालत भुगतान/दंड का आदेश दे सकती है।
237,No extra pay,A,Incorrect - Compensation depends on pay basis; exceeding half normal hours triggers higher pay.,False,70,,,,9,56,Tidak betul - Pampasan bergantung kepada asas gaji; melebihi setengah jam biasa mencetuskan gaji yang lebih tinggi.,गलत - क्षतिपूर्ति भुक्तानी आधारमा निर्भर गर्दछ; आधा सामान्य घण्टा भन्दा बढी कम तलब।,ভুল - ক্ষতিপূরণ বেতন ভিত্তির উপর নির্ভর করে; অর্ধেক স্বাভাবিক ঘন্টা ছাড়িয়ে উচ্চ বেতনের ট্রিগার করে।,गलत - मुआवजा वेतन के आधार पर निर्भर करता है; आधे सामान्य घंटे से अधिक उच्च वेतन को ट्रिगर करता है।
238,Half-day pay only,B,Incorrect - Compensation depends on pay basis; exceeding half normal hours triggers higher pay.,False,70,,,,9,56,Tidak betul - Pampasan bergantung kepada asas gaji; melebihi setengah jam biasa mencetuskan gaji yang lebih tinggi.,गलत - क्षतिपूर्ति भुक्तानी आधारमा निर्भर गर्दछ; आधा सामान्य घण्टा भन्दा बढी कम तलब।,ভুল - ক্ষতিপূরণ বেতন ভিত্তির উপর নির্ভর করে; অর্ধেক স্বাভাবিক ঘন্টা ছাড়িয়ে উচ্চ বেতনের ট্রিগার করে।,गलत - मुआवजा वेतन के आधार पर निर्भर करता है; आधे सामान्य घंटे से अधिक उच्च वेतन को ट्रिगर करता है।
239,1 day's wages (monthly/weekly) or 2 days (daily/hourly),C,Correct - Compensation depends on pay basis; exceeding half normal hours triggers higher pay.,True,70,,,,9,56,Betul - pampasan bergantung pada asas gaji; melebihi setengah jam biasa mencetuskan gaji yang lebih tinggi.,सही - क्षतिपूर्ति भुक्तान आधारमा निर्भर गर्दछ; आधा सामान्य घण्टा भन्दा बढी कम तलब।,সঠিক - ক্ষতিপূরণ বেতন ভিত্তির উপর নির্ভর করে; অর্ধেক স্বাভাবিক ঘন্টা ছাড়িয়ে উচ্চ বেতনের ট্রিগার করে।,सही - मुआवजा वेतन के आधार पर निर्भर करता है; आधे सामान्य घंटे से अधिक उच्च वेतन को ट्रिगर करता है।
240,Normal rate only,D,Incorrect - Compensation depends on pay basis; exceeding half normal hours triggers higher pay.,False,70,,,,9,56,Tidak betul - Pampasan bergantung kepada asas gaji; melebihi setengah jam biasa mencetuskan gaji yang lebih tinggi.,गलत - क्षतिपूर्ति भुक्तानी आधारमा निर्भर गर्दछ; आधा सामान्य घण्टा भन्दा बढी कम तलब।,ভুল - ক্ষতিপূরণ বেতন ভিত্তির উপর নির্ভর করে; অর্ধেক স্বাভাবিক ঘন্টা ছাড়িয়ে উচ্চ বেতনের ট্রিগার করে।,गलत - मुआवजा वेतन के आधार पर निर्भर करता है; आधे सामान्य घंटे से अधिक उच्च वेतन को ट्रिगर करता है।
241,Nothing,A,Incorrect - Next working day becomes a paid public holiday.,False,71,,,,9,57,Tidak betul - Hari kerja seterusnya menjadi cuti umum yang dibayar.,गलत - अर्को कार्य दिन एक भुक्तानी सार्वजनिक छुट्टी हुन्छ।,ভুল - পরবর্তী কার্যদিবস একটি বেতনভুক্ত পাবলিক ছুটিতে পরিণত হয়।,गलत - अगला कार्य दिवस एक भुगतान किया गया सार्वजनिक अवकाश बन जाता है।
242,Next working day becomes a paid holiday,B,Correct - Next working day becomes a paid public holiday.,True,71,,,,9,57,Betul - Hari kerja seterusnya menjadi cuti umum yang dibayar.,सही - अर्को कार्य दिन एक भुक्तानी सार्वजनिक छुट्टी हुन्छ।,সঠিক - পরবর্তী কার্যদিবসের দিনটি বেতনভুক্ত পাবলিক ছুটিতে পরিণত হয়।,सही - अगला कार्य दिवस एक भुगतान किया गया सार्वजनिक अवकाश बन जाता है।
243,Lose the holiday,C,Incorrect - Next working day becomes a paid public holiday.,False,71,,,,9,57,Tidak betul - Hari kerja seterusnya menjadi cuti umum yang dibayar.,गलत - अर्को कार्य दिन एक भुक्तानी सार्वजनिक छुट्टी हुन्छ।,ভুল - পরবর্তী কার্যদিবস একটি বেতনভুক্ত পাবলিক ছুটিতে পরিণত হয়।,गलत - अगला कार्य दिवस एक भुगतान किया गया सार्वजनिक अवकाश बन जाता है।
244,Take leave,D,Incorrect - Next working day becomes a paid public holiday.,False,71,,,,9,57,Tidak betul - Hari kerja seterusnya menjadi cuti umum yang dibayar.,गलत - अर्को कार्य दिन एक भुक्तानी सार्वजनिक छुट्टी हुन्छ।,ভুল - পরবর্তী কার্যদিবস একটি বেতনভুক্ত পাবলিক ছুটিতে পরিণত হয়।,गलत - अगला कार्य दिवस एक भुगतान किया गया सार्वजनिक अवकाश बन जाता है।
245,8 days,A,Incorrect - 14 days per year; higher entitlements for longer service/hospitalisation.,False,72,,,,9,59,Tidak betul - 14 hari setahun; kelayakan yang lebih tinggi untuk perkhidmatan/kemasukan ke hospital yang lebih lama.,गलत - 1 14 दिन प्रति वर्ष; लामो सेवा / अस्पताल भर्ना को लागी उच्च इ .्मेन्ट।,ভুল - প্রতি বছর 14 দিন; দীর্ঘ পরিষেবা/হাসপাতালে ভর্তির জন্য উচ্চতর এনটাইটেলমেন্ট।,गलत - प्रति वर्ष 14 दिन; लंबी सेवा/अस्पताल में भर्ती होने के लिए उच्च अधिकार।
246,14 days,B,Correct - 14 days per year; higher entitlements for longer service/hospitalisation.,True,72,,,,9,59,Betul - 14 hari setahun; kelayakan yang lebih tinggi untuk perkhidmatan/kemasukan ke hospital yang lebih lama.,सहि - 1 14 दिन प्रति वर्ष; लामो सेवा / अस्पताल भर्ना को लागी उच्च इ .्मेन्ट।,সঠিক - প্রতি বছর 14 দিন; দীর্ঘ পরিষেবা/হাসপাতালে ভর্তির জন্য উচ্চতর এনটাইটেলমেন্ট।,सही - प्रति वर्ष 14 दिन; लंबी सेवा/अस्पताल में भर्ती होने के लिए उच्च अधिकार।
247,18 days,C,Incorrect - 14 days per year; higher entitlements for longer service/hospitalisation.,False,72,,,,9,59,Tidak betul - 14 hari setahun; kelayakan yang lebih tinggi untuk perkhidmatan/kemasukan ke hospital yang lebih lama.,गलत - 1 14 दिन प्रति वर्ष; लामो सेवा / अस्पताल भर्ना को लागी उच्च इ .्मेन्ट।,ভুল - প্রতি বছর 14 দিন; দীর্ঘ পরিষেবা/হাসপাতালে ভর্তির জন্য উচ্চতর এনটাইটেলমেন্ট।,गलत - प्रति वर्ष 14 दिन; लंबी सेवा/अस्पताल में भर्ती होने के लिए उच्च अधिकार।
248,22 days,D,Incorrect - 14 days per year; higher entitlements for longer service/hospitalisation.,False,72,,,,9,59,Tidak betul - 14 hari setahun; kelayakan yang lebih tinggi untuk perkhidmatan/kemasukan ke hospital yang lebih lama.,गलत - 1 14 दिन प्रति वर्ष; लामो सेवा / अस्पताल भर्ना को लागी उच्च इ .्मेन्ट।,ভুল - প্রতি বছর 14 দিন; দীর্ঘ পরিষেবা/হাসপাতালে ভর্তির জন্য উচ্চতর এনটাইটেলমেন্ট।,गलत - प्रति वर्ष 14 दिन; लंबी सेवा/अस्पताल में भर्ती होने के लिए उच्च अधिकार।
249,Yes,A,Incorrect - Employers cannot keep passports; only proper authority can.,False,73,,,,10,63,Tidak betul - Majikan tidak boleh menyimpan pasport; Hanya kuasa yang betul boleh.,गलत - नियोक्ताहरूले राहदानी राख्न सक्दैन; केवल उचित अख्तियारले मात्र सक्छ।,ভুল - নিয়োগকর্তারা পাসপোর্ট রাখতে পারবেন না; শুধুমাত্র সঠিক কর্তৃপক্ষ পারে।,गलत - नियोक्ता पासपोर्ट नहीं रख सकते; केवल उचित प्राधिकरण कर सकते हैं।
250,No,B,Correct - Employers cannot keep passports; only proper authority can.,True,73,,,,10,63,Betul - Majikan tidak boleh menyimpan pasport; Hanya kuasa yang betul boleh.,सही - रोजगारदाताहरूले पासपोर्ट राख्न सक्दैन; केवल उचित अख्तियारले मात्र सक्छ।,সঠিক - নিয়োগকর্তারা পাসপোর্ট রাখতে পারবেন না; শুধুমাত্র সঠিক কর্তৃপক্ষ পারে।,सही - नियोक्ता पासपोर्ट नहीं रख सकते; केवल उचित प्राधिकरण कर सकते हैं।
251,Employer,A,Incorrect - Only the worker or proper authority.,False,74,,,,10,63,Tidak betul - Hanya pekerja atau pihak berkuasa yang betul.,गलत - केवल कामदार वा उचित अधिकार।,ভুল - কেবল শ্রমিক বা যথাযথ কর্তৃপক্ষ।,गलत - केवल कार्यकर्ता या उचित अधिकार।
252,You and immigration authority with legal approval,B,Correct - Only the worker or proper authority.,True,74,,,,10,63,Betul - hanya pekerja atau kuasa yang betul.,सहि - केवल कामदार वा उचित अधिकार।,সঠিক - কেবল শ্রমিক বা যথাযথ কর্তৃপক্ষ।,सही - केवल कार्यकर्ता या उचित अधिकार।
253,Supervisor,C,Incorrect - Only the worker or proper authority.,False,74,,,,10,63,Tidak betul - Hanya pekerja atau pihak berkuasa yang betul.,गलत - केवल कामदार वा उचित अधिकार।,ভুল - কেবল শ্রমিক বা যথাযথ কর্তৃপক্ষ।,गलत - केवल कार्यकर्ता या उचित अधिकार।
254,Recruitment agent,D,Incorrect - Only the worker or proper authority.,False,74,,,,10,63,Tidak betul - Hanya pekerja atau pihak berkuasa yang betul.,गलत - केवल कामदार वा उचित अधिकार।,ভুল - কেবল শ্রমিক বা যথাযথ কর্তৃপক্ষ।,गलत - केवल कार्यकर्ता या उचित अधिकार।
255,Yes,A,Incorrect - Still illegal; passport must remain with worker.,False,75,,,,10,63,Tidak betul - masih menyalahi undang -undang; Pasport mesti kekal dengan pekerja.,गलत - अझै अवैध; पासपोर्ट कामदारसँग रहनु पर्छ।,ভুল - এখনও অবৈধ; পাসপোর্ট অবশ্যই শ্রমিকের সাথে থাকতে হবে।,गलत - अभी भी अवैध; पासपोर्ट कार्यकर्ता के साथ रहना चाहिए।
256,No,B,Correct - Still illegal; passport must remain with worker.,True,75,,,,10,63,Betul - masih haram; Pasport mesti kekal dengan pekerja.,सही - अझै अवैध; पासपोर्ट कामदारसँग रहनु पर्छ।,সঠিক - এখনও অবৈধ; পাসপোর্ট অবশ্যই শ্রমিকের সাথে থাকতে হবে।,सही - अभी भी अवैध; पासपोर्ट कार्यकर्ता के साथ रहना चाहिए।
257,Allowed,A,Incorrect - It is unlawful.,False,76,,,,10,63,Tidak betul - ia menyalahi undang -undang.,गलत - यो गैरकानूनी छ।,ভুল - এটি বেআইনী।,गलत - यह गैरकानूनी है।
258,Against the law,B,Correct - It is unlawful.,True,76,,,,10,63,Betul - ia menyalahi undang -undang.,सही - यो गैरकानूनी हो।,সঠিক - এটি বেআইনী।,सही - यह गैरकानूनी है।
259,Optional,C,Incorrect - It is unlawful.,False,76,,,,10,63,Tidak betul - ia menyalahi undang -undang.,गलत - यो गैरकानूनी छ।,ভুল - এটি বেআইনী।,गलत - यह गैरकानूनी है।
260,Company policy,D,Incorrect - It is unlawful.,False,76,,,,10,63,Tidak betul - ia menyalahi undang -undang.,गलत - यो गैरकानूनी छ।,ভুল - এটি বেআইনী।,गलत - यह गैरकानूनी है।
261,"RM5,000",A,"Incorrect - General penalty up to RM50,000.",False,77,,,,10,62,"Tidak betul - Penalti Umum sehingga RM50,000.",गलत - RM5000 सम्म सामान्य दण्ड।,"ভুল - আরএম 50,000 পর্যন্ত সাধারণ জরিমানা।","गलत - RM50,000 तक सामान्य जुर्माना।"
262,"RM20,000",B,"Incorrect - General penalty up to RM50,000.",False,77,,,,10,62,"Tidak betul - Penalti Umum sehingga RM50,000.",गलत - RM5000 सम्म सामान्य दण्ड।,"ভুল - আরএম 50,000 পর্যন্ত সাধারণ জরিমানা।","गलत - RM50,000 तक सामान्य जुर्माना।"
263,"RM50,000",C,"Correct - General penalty up to RM50,000.",True,77,,,,10,62,"Betul - Penalti Umum sehingga RM50,000.",सही - RM5000 सम्म सामान्य दण्ड।,"সঠিক - আরএম 50,000 পর্যন্ত সাধারণ জরিমানা।","सही - RM50,000 तक सामान्य जुर्माना।"
264,"RM100,000",D,"Incorrect - General penalty up to RM50,000.",False,77,,,,10,62,"Tidak betul - Penalti Umum sehingga RM50,000.",गलत - RM5000 सम्म सामान्य दण्ड।,"ভুল - আরএম 50,000 পর্যন্ত সাধারণ জরিমানা।","गलत - RM50,000 तक सामान्य जुर्माना।"
265,Yes,A,Incorrect - Workers should keep their own passport; employer retention risks coercion and is not permitted.,False,78,,,,10,63,Tidak betul - Pekerja harus menyimpan pasport mereka sendiri; Paksaan Risiko Pengekalan Majikan dan tidak dibenarkan.,गलत - मजदुरहरूले आफ्नै पासपोर्ट राख्नु पर्छ; रोजगारदाता नियमन जोखिम जबरजस्ती गर्न अनुमति छैन।,ভুল - শ্রমিকদের তাদের নিজস্ব পাসপোর্ট রাখা উচিত; নিয়োগকর্তা ধরে রাখার জবরদস্তি ঝুঁকিপূর্ণ এবং অনুমোদিত নয়।,गलत - श्रमिकों को अपना पासपोर्ट रखना चाहिए; नियोक्ता प्रतिधारण जोखिम को बढ़ाता है और अनुमति नहीं है।
266,No,B,Correct - Workers should keep their own passport; employer retention risks coercion and is not permitted.,True,78,,,,10,63,Betul - Pekerja harus menyimpan pasport mereka sendiri; Paksaan Risiko Pengekalan Majikan dan tidak dibenarkan.,सहि - कामदारहरूले आफ्नै पासपोर्ट राख्नु पर्छ; रोजगारदाता नियमन जोखिम जबरजस्ती गर्न अनुमति छैन।,সঠিক - শ্রমিকদের তাদের নিজস্ব পাসপোর্ট রাখা উচিত; নিয়োগকর্তা ধরে রাখার জবরদস্তি ঝুঁকিপূর্ণ এবং অনুমোদিত নয়।,सही - श्रमिकों को अपना पासपोर्ट रखना चाहिए; नियोक्ता प्रतिधारण जोखिम को बढ़ाता है और अनुमति नहीं है।
267,Yes,A,Incorrect - Passport should remain with the worker except when handed to proper authority.,False,79,,,,10,63,Tidak betul - Pasport harus kekal dengan pekerja kecuali apabila diserahkan kepada pihak berkuasa yang betul.,गलत - पासपोर्ट कामदारसँग रहनु पर्छ जब उचित अधिकारको साथ हस्तान्तरण हुँदैन।,ভুল - পাসপোর্ট যথাযথ কর্তৃপক্ষের হাতে দেওয়া ব্যতীত শ্রমিকের সাথে থাকা উচিত।,गलत - पासपोर्ट उचित अधिकार को सौंपने पर कार्यकर्ता के साथ रहना चाहिए।
268,No,B,Correct - Passport should remain with the worker except when handed to proper authority.,True,79,,,,10,63,Betul - Pasport harus kekal dengan pekerja kecuali apabila diserahkan kepada pihak berkuasa yang betul.,सही - पासपोर्ट कामदारसँग रहनु पर्छ जब उचित अधिकारमा हस्तान्तरण हुँदैन।,সঠিক - পাসপোর্ট যথাযথ কর্তৃপক্ষের হাতে দেওয়া ব্যতীত শ্রমিকের সাথে থাকা উচিত।,सही - पासपोर्ट उचित अधिकार को सौंपने पर कार्यकर्ता के साथ रहना चाहिए।
269,Do nothing,A,Incorrect - Seek help from NGOs/authorities; retention is illegal.,False,80,,,,10,63,Tidak betul - Dapatkan bantuan daripada NGO/Pihak Berkuasa; Pengekalan adalah haram.,गलत - NGOS / अधिकारीहरूबाट मद्दत खोज्नुहोस्; अवधारणा अवैध छ।,ভুল - এনজিও/কর্তৃপক্ষের কাছ থেকে সহায়তা নিন; ধরে রাখা অবৈধ।,गलत - गैर सरकारी संगठनों/अधिकारियों से मदद लें; अवधारण अवैध है।
270,Report to NGO/authorities,B,Correct - Seek help from NGOs/authorities; retention is illegal.,True,80,,,,10,63,Betul - Dapatkan bantuan daripada NGO/Pihak Berkuasa; Pengekalan adalah haram.,सहि - NGOS / अधिकारीहरूबाट मद्दत खोज्नुहोस्; अवधारणा अवैध छ।,সঠিক - এনজিও/কর্তৃপক্ষের কাছ থেকে সহায়তা নিন; ধরে রাখা অবৈধ।,सही - गैर सरकारी संगठनों/अधिकारियों से मदद लें; अवधारण अवैध है।
271,Pay a fee to get it back,C,Incorrect - Seek help from NGOs/authorities; retention is illegal.,False,80,,,,10,63,Tidak betul - Dapatkan bantuan daripada NGO/Pihak Berkuasa; Pengekalan adalah haram.,गलत - NGOS / अधिकारीहरूबाट मद्दत खोज्नुहोस्; अवधारणा अवैध छ।,ভুল - এনজিও/কর্তৃপক্ষের কাছ থেকে সহায়তা নিন; ধরে রাখা অবৈধ।,गलत - गैर सरकारी संगठनों/अधिकारियों से मदद लें; अवधारण अवैध है।
272,Quit immediately,D,Incorrect - Seek help from NGOs/authorities; retention is illegal.,False,80,,,,10,63,Tidak betul - Dapatkan bantuan daripada NGO/Pihak Berkuasa; Pengekalan adalah haram.,गलत - NGOS / अधिकारीहरूबाट मद्दत खोज्नुहोस्; अवधारणा अवैध छ।,ভুল - এনজিও/কর্তৃপক্ষের কাছ থেকে সহায়তা নিন; ধরে রাখা অবৈধ।,गलत - गैर सरकारी संगठनों/अधिकारियों से मदद लें; अवधारण अवैध है।
