NAMA,NO_TEL,NO_FAKS,JENIS,TARIKH_DATA,NO,UNIT_TKT,BANGUNAN,JALAN,KG_TMN,BANDAR,POSKOD,DAERAH,NEGERI,X,Y
HOSPITAL SUNGAI BAKAP,04-5824333,04-5822494,HOSPITAL KERAJAAN,31/12/2013,NA,NA,NA,JALAN SUNGAI BAKAP,SUNGAI JAWI,SUNGAI BAKAP,14200,SPS,PULAU PINANG,100.4973373,5.21927309
HOSPITAL SEBERANG JAYA,04-3827333,04-3970754,HOSPITAL KERAJAAN,17/02/2021,NA,NA,NA,JALAN TUN HUSSEIN ONN,NA,SEBERANG JAYA,13700,SPT,PULAU PINANG,100.4082031,5.394414902
HOSPITAL PULAU PINANG,04-2225333,04-2281737,HOSPITAL KERAJAAN,07/10/2022,NA,NA,NA,JALAN RESIDENSI,NA,GEORGE TOWN,10990,DTL,PULAU PINANG,100.3106842,5.41641283
HOSPITAL BALIK PULAU,04-8669333,04-8666058,HOSPITAL KERAJAAN,17/02/2021,NA,NA,NA,JALAN HOSPITAL,NA,BALIK PULAU,11000,DBD,PULAU PINANG,100.2334671,5.35054636
HOSPITAL BUKIT MERTAJAM,04-5497333,04-5497299,HOSPITAL KERAJAAN,31/12/2013,NA,NA,NA,JALAN KULIM,NA,BUKIT MERTAJAM,14000,SPT,PULAU PINANG,100.4646301,5.35986948
HOSPITAL KEPALA BATAS,04-5793333,04-5791088,HOSPITAL KERAJAAN,17/02/2021,NA,NA,NA,JALAN BERTAM,NA,KEPALA BATAS,13200,SPU,PULAU PINANG,100.4376678,5.511690617
KLINIK KESIHATAN PRAI,04-3901477,04-5374595,KLINIK KESIHATAN,13/10/2022,NA,NA,NA,NA,NA,PRAI,13700,SPT,PULAU PINANG,100.388092,5.383778095
KLINIK DESA PERMATANG TINGGI,04-5884202,TIADA,KLINIK DESA,31/12/2013,NA,NA,NA,NA,PERMATANG TINGGI,BUKIT MERTAJAM,14000,SPT,PULAU PINANG,100.4794235,5.298258305
KLINIK DESA KUBANG ULU,04-5214980,TIADA,KLINIK DESA,31/12/2013,NA,NA,NA,NA,KUBANG ULU,BUKIT MERTAJAM,14000,SPT,PULAU PINANG,100.4822159,5.408538818
KLINIK DESA PERMATANG PAUH,04-3981380,04-5374595,KLINIK DESA,13/10/2022,NA,NA,NA,JALAN SAMA GAGAH,NA,BUKIT MERTAJAM,13500,SPT,PULAU PINANG,100.4125443,5.41138649
KLINIK KESIHATAN IBU DAN ANAK BUKIT MERTAJAM,04-5382389,TIADA,KLINIK KESIHATAN IBU DAN ANAK,31/12/2013,NA,NA,NA,JALAN KULIM,NA,BUKIT MERTAJAM,14000,SPT,PULAU PINANG,100.4649277,5.35941124
KLINIK KESIHATAN BUKIT PANCHOR,04-5931679,04-5939086,KLINIK KESIHATAN,13/10/2022,LOT 1866,NA,NA,JALAN BUKIT PANCHOR,"MUKIM 7, BUKIT PANCHOR",NIBONG TEBAL,14300,SPS,PULAU PINANG,100.4927979,5.166556835
KLINIK DESA ALMA,04-5516064,TIADA,KLINIK DESA,31/12/2013,NA,NA,NA,NA,ALMA,BUKIT MERTAJAM,14000,SPT,PULAU PINANG,100.4732285,5.332085133
KLINIK DESA JURU,04-5086500,TIADA,KLINIK DESA,31/12/2013,NA,NA,NA,NA,KAMPUNG JURU,BUKIT MERTAJAM,14000,SPT,PULAU PINANG,100.4434128,5.315704823
KLINIK DESA KAMPUNG SEKOLAH,04-5079458,TIADA,KLINIK DESA,31/12/2013,NA,NA,NA,NA,"KAMPUNG SEKOLAH, JURU",BUKIT MERTAJAM,14000,SPT,PULAU PINANG,100.421524,5.316015244
KLINIK DESA BUKIT TENGAH,04-5372342,04-5374595,KLINIK DESA,13/10/2022,NA,NA,NA,JALAN PERMATANG PAUH,BUKIT TENGAH,BUKIT MERTAJAM,14000,SPT,PULAU PINANG,100.4291687,5.364247799
KLINIK DESA KAMPUNG PERTAMA,04-3982281,TIADA,KLINIK DESA,31/12/2013,NA,NA,NA,JALAN PERMATANG PAUH,KAMPUNG PERTAMA,BUKIT MERTAJAM,14000,SPT,PULAU PINANG,100.4180603,5.392091751
KLINIK KESIHATAN MACHANG BUBOK,04-5511930,TIADA,KLINIK KESIHATAN,14/07/2020,NA,NA,NA,NA,MACANG BUBOK,BUKIT MERTAJAM,14020,SPT,PULAU PINANG,100.5090179,5.336361885
KLINIK DESA PERMATANG RAWA,04-5372541,TIADA,KLINIK DESA,31/12/2013,NA,NA,NA,NA,PERMATANG RAWA,BUKIT MERTAJAM,14000,SPT,PULAU PINANG,100.4533844,5.368975163
KLINIK KESIHATAN KUBANG SEMANG,04-5390654,04-5390654,KLINIK KESIHATAN,13/10/2022,LOT 807,NA,NA,NA,"MUKIM 5, KUBANG SEMANG",BUKIT MERTAJAM,14400,SPT,PULAU PINANG,100.4638672,5.397494316
KLINIK DESA BUKIT INDERA MUDA,04-5383761,TIADA,KLINIK DESA,31/12/2013,NA,NA,NA,NA,BUKIT INDERA MUDA,PENANTI,14400,SPT,PULAU PINANG,100.4521027,5.407579899
KLINIK DESA PADANG IBU,04-5213160,TIADA,KLINIK DESA,31/12/2013,NA,NA,NA,NA,PADANG IBU,PENANTI,14400,SPT,PULAU PINANG,100.4679413,5.425076962
KLINIK DESA SUNGAI LEMBU,04-5213689,TIADA,KLINIK DESA,31/12/2013,NA,NA,NA,NA,SUNGAI LEMBU,BUKIT MERTAJAM,14000,SPT,PULAU PINANG,100.5225754,5.391493797
KLINIK KESIHATAN SEBERANG JAYA,04-3900264,04-3905424,KLINIK KESIHATAN,15/12/2014,LOT 340,NA,NA,JALAN PERPUSTAKAAN,"MUKIM 1, BANDAR SUNWAY",SEBERANG JAYA,13700,SPT,PULAU PINANG,100.3984299,5.393491745
KLINIK KESIHATAN IBU DAN ANAK SUNGAI BAKAP,04-5824205,04-5822494,KLINIK KESIHATAN IBU DAN ANAK,31/12/2013,NA,NA,NA,JALAN BESAR,NA,SUNGAI BAKAP,14200,SPS,PULAU PINANG,100.4979553,5.217512131
KLINIK KESIHATAN BERAPIT,04-5395400,04-5374595,KLINIK KESIHATAN,13/10/2022,LOT 89,NA,NA,NA,"MUKM 17, BERAPIT",BUKIT MERTAJAM,14000,SPT,PULAU PINANG,100.4745636,5.376430511
KLINIK KESIHATAN SUNGAI DUA,04-3564355,04-3566835,KLINIK KESIHATAN,31/12/2013,LOT 2349,NA,NA,JALAN PENGKALAN MACHANG,"MUKIM 11, SUNGAI DUA",BUTTERWORTH,13800,SPU,PULAU PINANG,100.4307404,5.441839218
KLINIK KESIHATAN MAK MANDIN,04-3244685,04-5754433,KLINIK KESIHATAN,13/10/2022,LOT 2882,NA,NA,JALAN MAK MANDIN,"SEKSYEN 3, MAK MANDIN",BUTTERWORTH,13400,SPU,PULAU PINANG,100.3892441,5.421141148
KLINIK KESIHATAN SUNGAI ACHEH,04-5981733,04-5939086,KLINIK KESIHATAN,13/10/2022,LOT 1376,NA,NA,JALAN SUNGAI ACHEH,SUNGAI ACHEH,NIBONG TEBAL,14300,SPS,PULAU PINANG,100.422699,5.150201321
KLINIK KESIHATAN NIBONG TEBAL,04-5931355,04-5939086,KLINIK KESIHATAN,13/10/2022,LOT 320,NA,NA,JALAN KLINIK,MUKIM 17,NIBONG TEBAL,14300,SPS,PULAU PINANG,100.4737473,5.163545609
KLINIK KESIHATAN BUKIT MINYAK,04-5071355,04-5071355,KLINIK KESIHATAN,13/10/2022,LOT 106,NA,NA,NA,"MUKIM14, BUKIT MINYAK",BUKIT MERTAJAM,14000,SPT,PULAU PINANG,100.4483795,5.32668066
KLINIK KESIHATAN TASEK GELUGOR,04-5735025,04-5754433,KLINIK KESIHATAN,13/10/2022,LOT 1944,NA,NA,NA,MUKIM 12,TASEK GELUGOR,13300,SPU,PULAU PINANG,100.491394,5.484195232
KLINIK DESA BAGAN AJAM,04-3240060,TIADA,KLINIK DESA,31/12/2013,NA,NA,NA,JALAN BAGAN AJAM,BAGAN AJAM,BUTTERWORTH,13000,SPU,PULAU PINANG,100.3828888,5.447441578
KLINIK DESA SUNGAI PUYU,04-3240050,TIADA,KLINIK DESA,31/12/2013,NA,NA,NA,JALAN SUNGAI PUYU,SUNGAI PUYU,BUTTERWORTH,13020,SPU,PULAU PINANG,100.3961411,5.44604826
KLINIK DESA LAHAR YOOI,04-5736798,TIADA,KLINIK DESA,31/12/2013,NA,NA,NA,NA,LAHAR YOOI,TASEK GELUGOR,13300,SPU,PULAU PINANG,100.4614639,5.466409683
KLINIK DESA POKOK SENA,04-5759129,TIADA,KLINIK DESA,31/12/2013,NA,NA,NA,NA,POKOK SENA,KEPALA BATAS,13200,SPU,PULAU PINANG,100.4506607,5.484470367
KLINIK DESA PERMATANG BULOH,04-5741014,TIADA,KLINIK DESA,31/12/2013,NA,NA,NA,NA,PERMATANG BULOH,KEPALA BATAS,13200,SPU,PULAU PINANG,100.4265518,5.480382442
KLINIK DESA PEKAN DARAT,04-3515759,TIADA,KLINIK DESA,31/12/2013,NA,NA,NA,NA,PEKAN DARAT,BUTTERWORTH,13300,SPU,PULAU PINANG,100.4017029,5.47869873
KLINIK DESA PERMATANG SINTOK,04-5759136,TIADA,KLINIK DESA,31/12/2013,NA,NA,NA,NA,PERMATANG SINTOK,KEPALA BATAS,13100,SPU,PULAU PINANG,100.4040146,5.511359692
KLINIK DESA LAHAR KEPAR,04-5759112,TIADA,KLINIK DESA,31/12/2013,NA,NA,NA,NA,LAHAR KEPAR,KEPALA BATAS,13200,SPU,PULAU PINANG,100.4166641,5.538140297
KLINIK DESA BUMBUNG LIMA,04-5759110,TIADA,KLINIK DESA,31/12/2013,NA,NA,NA,NA,BUMBUNG LIMA,KEPALA BATAS,13200,SPU,PULAU PINANG,100.4359741,5.553627014
KLINIK DESA TOK BEDU,04-5733720,TIADA,KLINIK DESA,31/12/2013,NA,NA,NA,NA,TOK BEDU,TASEK GELUGOR,13300,SPU,PULAU PINANG,100.4823074,5.506104469
KLINIK DESA KAMPUNG SELAMAT,04-5736800,TIADA,KLINIK DESA,31/12/2013,NA,NA,NA,NA,KAMPUNG SELAMAT,TASEK GELUGOR,13300,SPU,PULAU PINANG,100.5222549,5.504446983
KLINIK DESA PINANG TUNGGAL,04-5736797,TIADA,KLINIK DESA,31/12/2013,NA,NA,NA,NA,PINANG TUNGGAL,KEPALA BATAS,13200,SPU,PULAU PINANG,100.503952,5.551824093
KLINIK DESA PADANG MENORA,04-5736796,TIADA,KLINIK DESA,31/12/2013,NA,NA,NA,NA,PADANG MENORA,TASEK GELUGOR,13310,SPU,PULAU PINANG,100.4746933,5.455760479
KLINIK DESA PERMATANG JANGGUS,04-5763360,TIADA,KLINIK DESA,31/12/2013,NA,NA,NA,NA,PERMATANG JANGGUS,PENAGA,13100,SPU,PULAU PINANG,100.3896027,5.555566788
KLINIK DESA CHANGKAT,04-5938949,TIADA,KLINIK DESA,31/12/2013,NA,NA,NA,NA,CHANGKAT,NIBONG TEBAL,14300,SPS,PULAU PINANG,100.470108,5.198703289
KLINIK DESA PERMATANG TOK MAHAT,05-7171941,TIADA,KLINIK DESA,31/12/2013,NA,NA,NA,NA,PERMATANG TOK MAHAT,NIBONG TEBAL,14300,SPS,PULAU PINANG,100.4763718,5.1312356
KLINIK DESA SUNGAI BAKAU,04-5982978,TIADA,KLINIK DESA,31/12/2013,NA,NA,NA,NA,SUNGAI BAKAU,NIBONG TEBAL,14300,SPS,PULAU PINANG,100.4194336,5.125439644
KLINIK DESA TANJUNG BEREMBANG,04-5939211,TIADA,KLINIK DESA,31/12/2013,NA,NA,NA,NA,TANJUNG BEREMBANG,NIBONG TEBAL,14300,SPS,PULAU PINANG,100.4616547,5.150203228
KLINIK DESA BATU KAWAN,04-5885293,TIADA,KLINIK DESA,31/12/2013,NA,NA,NA,NA,BATU KAWAN,SIMPANG AMPAT,14100,SPS,PULAU PINANG,100.4207306,5.265945435
KLINIK DESA TASEK,04-5884348,TIADA,KLINIK DESA,31/12/2013,NA,NA,NA,NA,TASEK,SIMPANG AMPAT,14100,SPS,PULAU PINANG,100.5157547,5.284940243
KLINIK DESA BUKIT TAMBUN,04-5884350,TIADA,KLINIK DESA,31/12/2013,NA,NA,NA,NA,BUKIT TAMBUN,SIMPANG AMPAT,14100,SPS,PULAU PINANG,100.4488373,5.274247646
KLINIK DESA PULAU AMAN,04-5822092,TIADA,KLINIK DESA,31/12/2013,NA,NA,NA,NA,PULAU AMAN,SIMPANG AMPAT,14100,SPS,PULAU PINANG,100.3918686,5.266645908
KLINIK DESA WELLESLEY,04-5823233,TIADA,KLINIK DESA,05/05/2021,NA,NA,NA,NA,WELLESLEY,SUNGAI BAKAP,14200,SPS,PULAU PINANG,100.5147324,5.211186409
KLINIK DESA SUNGAI DURI,04-5829233,TIADA,KLINIK DESA,31/12/2013,NA,NA,NA,NA,SUNGAI DURI,SUNGAI BAKAP,14200,SPS,PULAU PINANG,100.5305328,5.208800793
KLINIK DESA VALDOR,04-5826535,TIADA,KLINIK DESA,31/12/2013,NA,NA,NA,NA,VALDOR,SUNGAI BAKAP,14200,SPS,PULAU PINANG,100.4918213,5.240317822
KLINIK KESIHATAN JALAN MACALISTER,04-2289610,04-2819500,KLINIK KESIHATAN,13/10/2022,LOT 1762,NA,NA,JALAN MACALISTER,NA,GEORGE TOWN,10400,DTL,PULAU PINANG,100.3259735,5.414895058
KLINIK KESIHATAN BUKIT BENDERA,04-8299406,04-2819500,KLINIK KESIHATAN,13/10/2022,NA,NA,NA,NA,NA,BUKIT BENDERA,11500,DTL,PULAU PINANG,100.2690735,5.424479485
KLINIK KESIHATAN IBU DAN ANAK AIR PUTIH,04-8660287,TIADA,KLINIK KESIHATAN IBU DAN ANAK,31/12/2013,"LOT 312, JKR 2761 (P)",NA,NA,NA,"MUKIM E, AIR PUTIH",BALIK PULAU,11000,DBD,PULAU PINANG,100.2173691,5.363669395
KLINIK KESIHATAN TELUK BAHANG,04-8851951,04-8811333,KLINIK KESIHATAN,05/05/2021,LOT 669,NA,NA,NA,MUKIM 2,TELUK BAHANG,11050,DBD,PULAU PINANG,100.2149963,5.455673218
KLINIK DESA PANTAI ACHEH,04-8668833,TIADA,KLINIK DESA,05/05/2021,NA,NA,NA,NA,PANTAI ACHEH,BALIK PULAU,11010,DBD,PULAU PINANG,100.1963501,5.4152174
KLINIK DESA SUNGAI PINANG,04-8661726,TIADA,KLINIK DESA,31/12/2013,NA,NA,NA,NA,SUNGAI PINANG,BALIK PULAU,11010,DBD,PULAU PINANG,100.2107544,5.394001007
KLINIK PERGIGIAN KANAK-KANAK,04-2299233,04-2296313,KLINIK PERGIGIAN,31/12/2013,NA,3,NA,JALAN SEPOY LINES,NA,GEORGE TOWN,10450,DTL,PULAU PINANG,100.3080826,5.419364452
KLINIK KESIHATAN IBU DAN ANAK PADANG TEMBAK / RIFLE RANGE,04-8296355,TIADA,KLINIK KESIHATAN IBU DAN ANAK,31/12/2013,NA,BLOK A,NA,JALAN PADANG TEMBAK,"RUMAH PANGSA PADANG TEMBAK, PADANG TEMBAK",AYER ITAM,11400,DTL,PULAU PINANG,100.2887573,5.411389351
KLINIK KESIHATAN JALAN PERAK,04-2812033,04-2819500,KLINIK KESIHATAN,13/10/2022,LOT 808,NA,NA,JALAN PERAK,SEKSYEN 2,GEORGE TOWN,10400,DTL,PULAU PINANG,100.3145752,5.402748585
KLINIK KESIHATAN BUKIT JAMBUL,04-6448521,04-2819500,KLINIK KESIHATAN,13/10/2022,NA,BLOK B,POLIKLINIK KOMUNITI BUKIT JAMBUL,JALAN TUN DR AWANG,"TAMAN BUKIT JAMBUL, BUKIT JAMBUL",BAYAN LEPAS,11900,DTL,PULAU PINANG,100.2892532,5.336402416
KLINIK KESIHATAN IBU DAN ANAK TAMAN TUN SARDON,04-6571592,TIADA,KLINIK KESIHATAN IBU DAN ANAK,31/12/2013,NA,"BLOK A-G-9, TINGKAT BAWAH",NA,NA,TAMAN TUN SARDON,GLUGOR,11700,DTL,PULAU PINANG,100.3057709,5.368540764
KLINIK KESIHATAN IBU DAN ANAK TANJONG TOKONG,04-8993727,TIADA,KLINIK KESIHATAN IBU DAN ANAK,31/12/2013,NA,A-G-3 & A-G-4,NA,JALAN TANJONG TOKONG,RUMAH PANGSA TANJONG TOKONG,TANJONG TOKONG,10470,DTL,PULAU PINANG,100.3061752,5.462473869
KLINIK DESA PERMATANG BENDAHARI,04-5793244,TIADA,KLINIK DESA,31/12/2013,NA,NA,NA,NA,PERMATANG BENDAHARI,PENAGA,13110,SPU,PULAU PINANG,100.3744431,5.579116344
KLINIK DESA PAYA KELADI,04-5754728,TIADA,KLINIK DESA,31/12/2013,NA,NA,NA,NA,PAYA KELADI,KEPALA BATAS,13200,SPU,PULAU PINANG,100.4428329,5.538463593
KLINIK KESIHATAN KEPALA BATAS,04-5756755,04-5759155,KLINIK KESIHATAN,13/10/2022,LOT 1466,NA,NA,NA,MUKIM 6,KEPALA BATAS,13200,SPU,PULAU PINANG,100.4336243,5.516511917
KLINIK KESIHATAN PENAGA,04-5791718,04-5751649,KLINIK KESIHATAN,13/10/2022,LOT 3001,NA,NA,JALAN PENAGA,"MUKM 5, PENAGA",KEPALA BATAS,13110,SPU,PULAU PINANG,100.3811111,5.53323698
KLINIK DESA PASIR GEBU,04-5793246,TIADA,KLINIK DESA,31/12/2013,NA,NA,NA,NA,PASIR GEBU,PENAGA,13110,SPU,PULAU PINANG,100.3724442,5.555724144
KLINIK DESA TELUK AYER TAWAR,04-3515822,TIADA,KLINIK DESA,31/12/2013,NA,NA,NA,JALAN TELUK AIR TAWAR,TELUK AIR TAWAR,BUTTERWORTH,13050,SPU,PULAU PINANG,100.3841324,5.487885475
KLINIK DESA PAJAK SONG,04-5759171,TIADA,KLINIK DESA,31/12/2013,NA,NA,NA,NA,PAJAK SONG,KEPALA BATAS,13200,SPU,PULAU PINANG,100.4264374,5.499994278
KLINIK KESIHATAN BUTTERWORTH,04-3233333,04-3337884,KLINIK KESIHATAN,13/10/2022,LOT 1699,NA,NA,JALAN PANTAI,"SEKSYEN 4, BAGAN LUAR",BUTTERWORTH,12000,SPU,PULAU PINANG,100.3684845,5.406755924
KLINIK DESA BAGAN DALAM,04-3284464,TIADA,KLINIK DESA,31/12/2013,NA,NA,NA,JALAN BAGAN DALAM,BAGAN DALAM,BUTTERWORTH,12100,SPU,PULAU PINANG,100.3735275,5.395236969
KLINIK DESA PERMATANG PASIR,04-8665539,TIADA,KLINIK DESA,31/12/2013,NA,NA,NA,NA,PERMATANG PASIR,BALIK PULAU,11000,DBD,PULAU PINANG,100.211525,5.373368263
KLINIK DESA SUNGAI BURONG,04-8662060,TIADA,KLINIK DESA,31/12/2013,NA,NA,NA,NA,SUNGAI BURONG,BALIK PULAU,11000,DBD,PULAU PINANG,100.2073517,5.337426186
KLINIK DESA PONDOK UPEH,04-8661723,TIADA,KLINIK DESA,31/12/2013,NA,NA,NA,NA,PONDOK UPEH,BALIK PULAU,11000,DBD,PULAU PINANG,100.2182388,5.332309723
KLINIK DESA KAMPUNG PERLIS,04-8661749,TIADA,KLINIK DESA,31/12/2013,NA,NA,NA,NA,KAMPUNG PERLIS,BALIK PULAU,11020,DBD,PULAU PINANG,100.2036667,5.310797215
KLINIK DESA GERTAK SANGGUL,04-6493920,TIADA,KLINIK DESA,31/12/2013,NA,NA,NA,NA,GERTAK SANGGUL,BAYAN LEPAS,11920,DBD,PULAU PINANG,100.1978836,5.282105923
KLINIK DESA TELUK KUMBAR,04-6495606,TIADA,KLINIK DESA,31/12/2013,NA,NA,NA,NA,TELUK KUMBAR,BAYAN LEPAS,11920,DBD,PULAU PINANG,100.2299347,5.287381649
KLINIK DESA PERMATANG DAMAR LAUT,04-6265102,TIADA,KLINIK DESA,31/12/2013,NA,NA,NA,NA,PERMATANG DAMAR LAUT,BAYAN LEPAS,11900,DBD,PULAU PINANG,100.2694473,5.273728848
KLINIK KESIHATAN BAYAN LEPAS,04-6435434,04-6433967,KLINIK KESIHATAN,13/10/2022,LOT 1157,NA,NA,JALAN DATO ISMAIL HASHIM,MUKIM 12,BAYAN LEPAS,11900,DBD,PULAU PINANG,100.26194,5.299691677
KLINIK DESA SUNGAI ARA,04-6452488,TIADA,KLINIK DESA,31/12/2013,NA,NA,NA,NA,SUNGAI ARA,BAYAN LEPAS,11900,DBD,PULAU PINANG,100.274231,5.318239212
KLINIK DESA RELAU,04-6449230,TIADA,KLINIK DESA,31/12/2013,NA,NA,NA,NA,RELAU,BAYAN LEPAS,11900,DBD,PULAU PINANG,100.2768555,5.330970287
KLINIK DESA SUNGAI BATU,04-6495673,TIADA,KLINIK DESA,31/12/2013,NA,NA,NA,NA,SUNGAI BATU,BAYAN LEPAS,11920,DBD,PULAU PINANG,100.2418289,5.287095547
KLINIK DESA BATU FERRINGGI,04-8813814,TIADA,KLINIK DESA,31/12/2013,NA,1918,NA,JALAN BATU FERRINGGI,BATU FERRINGGI,PULAU PINANG,12100,DTL,PULAU PINANG,100.2479553,5.473235607
KLINIK KESIHATAN TANJONG BUNGAH,04-8990953,04-2819500,KLINIK KESIHATAN,13/10/2022,NA,NA,NA,NA,NA,TANJONG BUNGAH,11200,DTL,PULAU PINANG,100.2795639,5.461997032
KLINIK KESIHATAN AIR ITAM,04-8283355,04-2819500,KLINIK KESIHATAN,13/10/2022,LOT 322,NA,NA,JALAN BUKIT BENDERA,SEKSYEN 3,AYER ITAM,11500,DTL,PULAU PINANG,100.2822952,5.405697346
KLINIK DESA PAYA TERUBONG,04-8275919,TIADA,KLINIK DESA,31/12/2013,NA,NA,NA,JALAN PAYA TERUBONG,PAYA TERUBONG,AYER ITAM,11500,DTL,PULAU PINANG,100.2769623,5.397758484
KLINIK DESA THEAN TEIK,04-8276023,TIADA,KLINIK DESA,15/12/2014,NA,NA,NA,JALAN THEAN TEIK,NA,AYER ITAM,11500,DTL,PULAU PINANG,100.2811813,5.392773151
KLINIK KESIHATAN SUNGAI DUA,04-6422201,TIADA,KLINIK KESIHATAN,31/12/2013,LOT 2554,NA,NA,NA,MUKIM 13,SUNGAI DUA,11700,DTL,PULAU PINANG,100.2975235,5.344072819
KLINIK DESA SUNGAI GELUGOR,04-6580861,TIADA,KLINIK DESA,31/12/2013,JKR 436,NA,NA,JALAN CALTHROP,NA,GLUGOR,11700,DTL,PULAU PINANG,100.3139496,5.373637676
KLINIK KESIHATAN LEBUH MUNTRI,04-2620024,04-2819500,KLINIK KESIHATAN,13/10/2022,NA,NA,NA,LEBUH MUNTRI,NA,GEORGE TOWN,10200,DTL,PULAU PINANG,100.3360138,5.420107365
KLINIK KESIHATAN BAYAN BARU,04-6425102,04-6413189,KLINIK KESIHATAN,31/12/2013,NA,NA,NA,JALAN TENGAH,BAYAN BARU,BAYAN LEPAS,11950,DBD,PULAU PINANG,100.2797623,5.319680691
KLINIK KOMUNITI ALMA,04-5521033,TIADA,KLINIK KOMUNITI,26/09/2019,NA,NO. 38 TING. BWH,NA,LORONG ALMA JAYA 11,TAMAN ALMA JAYA,BUKIT MERTAJAM,14100,SPT,PULAU PINANG,100.4786072,5.325736046
KLINIK KOMUNITI BATU KAWAN,04-5880071,TIADA,KLINIK KOMUNITI,26/09/2019,NA,NO. 19,NA,LORONG CEMPAKA 1,"TAMAN CEMPAKA, BATU KAWAN",SIMPANG AMPAT,14100,SPS,PULAU PINANG,100.431221,5.27109766
KLINIK KESIHATAN BANDAR TASEK MUTIARA,04-5079855,04-5939086,KLINIK KESIHATAN,13/10/2022,LOT 1866,NA,NA,JALAN TASEK MUTIARA,"MUKIM 7, BANDAR TASEK MUTIARA",SIMPANG AMPAT,14100,SPS,PULAU PINANG,100.491951,5.281583309
KLINIK KOMUNITI JELUTONG,04-2834070,TIADA,KLINIK KOMUNITI,26/09/2019,NA,NO. 116 TINGKAT BAWAH,NA,JALAN JELUTONG,NA,JELUTONG,10150,DTL,PULAU PINANG,100.3225479,5.401035309
KLINIK KOMUNITI TELUK AIR TAWAR,04-3511080,TIADA,KLINIK KOMUNITI,26/09/2019,NA,NO. 6 KEDAI 1 TINGKAT,NA,LORONG TELUK AIR TAWAR 14,TELUK AIR TAWAR,BUTTERWORTH,13050,SPU,PULAU PINANG,100.383461,5.490098953
KLINIK KOMUNITI SUNGAI ARA,04-6463531,TIADA,KLINIK KOMUNITI,26/09/2019,NA,2A-1,NA,TINGKAT KENARI 5,"TAMAN DESA RIA, SUNGAI ARA",BAYAN LEPAS,11900,DBD,PULAU PINANG,100.2690048,5.319180012
KLINIK KESIHATAN BANDAR BARU AYER ITAM,04-8266267,04-8264810,KLINIK KESIHATAN,31/12/2013,NA,NO. 8,NA,JALAN ANGSANA,BANDAR BARU AYER ITAM,AYER ITAM,11500,DTL,PULAU PINANG,100.2854843,5.38972187
KLINIK KOMUNITI SUNGAI BATU,04-6492351,04-6492351,KLINIK KOMUNITI,26/09/2019,NA,NA,NA,SOLOK SUNGAI BATU 1,"SUNGAI BATU, TELUK KUMBAR",BAYAN LEPAS,11920,DBD,PULAU PINANG,100.2416382,5.285813808
KLINIK KOMUNITI BANDAR PUTRA BERTAM,04-5750289,TIADA,KLINIK KOMUNITI,26/09/2019,NA,NO. 47 G/F DAN 1/F,NA,PERSIARAN 4/7,BANDAR PUTRA BERTAM,KEPALA BATAS,13200,SPU,PULAU PINANG,100.481102,5.519669056
KLINIK KOMUNITI BAGAN AJAM,04-3322053,TIADA,KLINIK KOMUNITI,26/09/2019,NA,LOT-C-G-14 & 15,NA,JALAN PANTAI BERSIH,BAGAN AJAM,BUTTERWORTH,13000,SPU,PULAU PINANG,100.3807602,5.444102287
KLINIK KOMUNITI BANDAR PERDA,04-5301091,TIADA,KLINIK KOMUNITI,26/09/2019,NA,NA,RUMAH KELAB,NA,PANGSAPURI TAMAN PERMATA,BANDAR PERDA,14000,SPT,PULAU PINANG,100.4295425,5.37088728
KLINIK KOMUNITI NIBONG TEBAL,04-5933102,TIADA,KLINIK KOMUNITI,26/09/2019,NA,38,NA,JALAN SUNGAI DAUN,TAMAN NIBONG TEBAL JAYA,NIBONG TEBAL,14300,SPS,PULAU PINANG,100.4751892,5.176365376
KLINIK KOMUNITI BATU FERRINGGI,04-8811923,TIADA,KLINIK KOMUNITI,14/07/2020,NA,889,NA,JALAN SERI BAYU,BATU FERRINGGI,PULAU PINANG,11650,DTL,PULAU PINANG,100.2452087,5.471565247
KLINIK PERGIGIAN HOSPITAL BALIK PULAU,04-8669333,04-8666053,KLINIK PERGIGIAN,14/07/2020,NA,NA,HOSPITAL BALIK PULAU,JALAN HOSPITAL,NA,BALIK PULAU,11000,DBD,PULAU PINANG,100.2335052,5.350632668
KLINIK PERGIGIAN BAYAN BARU,04-6414151,04-6414035,KLINIK PERGIGIAN,15/12/2014,NA,TINGKAT 1,KLINIK KESIHATAN BAYAN BARU,JALAN TENGAH,BAYAN BARU,BAYAN LEPAS,11950,DBD,PULAU PINANG,100.2796478,5.319692612
KLINIK PERGIGIAN BAYAN LEPAS,04-6438873,04-6435434,KLINIK PERGIGIAN,15/12/2014,NA,NA,KLINIK KESIHATAN BAYAN LEPAS,JALAN DATO ISMAIL HASHIM,NA,BAYAN LEPAS,11900,DBD,PULAU PINANG,100.2619629,5.299840927
KLINIK PERGIGIAN TELUK BAHANG,04-8851951,TIADA,KLINIK PERGIGIAN,15/12/2014,NA,NA,KLINIK KESIHATAN TELUK BAHANG,NA,NA,TELUK BAHANG,11050,DBD,PULAU PINANG,100.2151108,5.455667496
KLINIK PERGIGIAN MAK MANDIN,04-3326967,04-3326967,KLINIK PERGIGIAN,15/12/2014,NA,NA,KLINIK KESIHATAN MAK MANDIN,JALAN MAK MANDIN,MAK MANDIN,BUTTERWORTH,13400,SPU,PULAU PINANG,100.3891296,5.421144009
KLINIK PERGIGIAN BUTTERWORTH,04-3239831,04-3337444,KLINIK PERGIGIAN,15/12/2014,NA,NA,KLINIK KESIHATAN BUTTERWORTH,JALAN PANTAI,BAGAN LUAR,BUTTERWORTH,12000,SPU,PULAU PINANG,100.3684158,5.406762123
KLINIK PERGIGIAN TASEK GELUGOR,04-5737821,04-5737821,KLINIK PERGIGIAN,15/12/2014,NA,NA,KLINIK KESIHATAN TASEK GELUGOR,NA,NA,TASEK GELUGOR,13300,SPU,PULAU PINANG,100.4914703,5.484153271
KLINIK PERGIGIAN KEPALA BATAS,04-5753460,04-5753460,KLINIK PERGIGIAN,15/12/2014,NA,NA,PUSAT KESIHATAN BESAR,NA,NA,KEPALA BATAS,13200,SPU,PULAU PINANG,100.4336395,5.516363621
KLINIK PERGIGIAN SUNGAI DUA,04-3564355,TIADA,KLINIK PERGIGIAN,15/12/2014,NA,NA,KLINIK KESIHATAN SUNGAI DUA,JALAN PENGKALAN MACHANG,SUNGAI DUA,BUTTERWORTH,13800,SPU,PULAU PINANG,100.4307251,5.441710472
KLINIK PERGIGIAN PENAGA,04-5751430,TIADA,KLINIK PERGIGIAN,15/12/2014,NA,NA,KLINIK KESIHATAN PENAGA,JALAN PENAGA,PENAGA,KEPALA BATAS,13110,SPU,PULAU PINANG,100.3811111,5.533159256
KLINIK PERGIGIAN PAKAR BEDAH MULUT,04-2002212,04-2002212,KLINIK PERGIGIAN,15/12/2014,NA,NA,HOSPITAL PULAU PINANG,JALAN RESIDENSI,NA,GEORGE TOWN,10450,DTL,PULAU PINANG,100.3111267,5.416370869
KLINIK PERGIGIAN PAKAR PEDIATRIK,04-222 5211,04-2837981,KLINIK PERGIGIAN,07/02/2017,NA,NA,HOSPITAL PULAU PINANG,JALAN RESIDENSI,NA,GEORGE TOWN,10450,DTL,PULAU PINANG,100.3108215,5.41656208
KLINIK PERGIGIAN AIR ITAM,04-8288355,04-2837981,KLINIK PERGIGIAN,15/12/2014,NA,NA,KLINIK KESIHATAN AIR ITAM,JALAN BUKIT BENDERA,NA,AYER ITAM,11500,DTL,PULAU PINANG,100.2822876,5.405658722
KLINIK PERGIGIAN JALAN PERAK,04-2813753,04-2837981,KLINIK PERGIGIAN,15/12/2014,LOT 808,NA,KLINIK KESIHATAN JALAN PERAK,JALAN PERAK,SEKSYEN 2,GEORGE TOWN,10400,DTL,PULAU PINANG,100.314827,5.402504444
KLINIK PERGIGIAN JALAN MACALISTER,04-2289479,04-2837981,KLINIK PERGIGIAN,15/12/2014,NA,NA,KLINIK KESIHATAN JALAN MACALISTER,JALAN MACALISTER,NA,GEORGE TOWN,10400,DTL,PULAU PINANG,100.3260803,5.41506958
KLINIK PERGIGIAN BUKIT JAMBUL,04-6429572,04-2837981,KLINIK PERGIGIAN,15/12/2014,NA,BLOK H-G-5,KLINIK KESIHATAN BUKIT JAMBUL,JALAN TUN DR AWANG,"TAMAN BUKIT JAMBUL, BUKIT JAMBUL",BAYAN LEPAS,11900,DTL,PULAU PINANG,100.2892532,5.336452007
KLINIK PERGIGIAN TANJONG BUNGAH,04-8990953,TIADA,KLINIK PERGIGIAN,15/12/2014,NA,NA,KLINIK KESIHATAN TANJONG BUNGAH,NA,NA,TANJONG BUNGAH,11200,DTL,PULAU PINANG,100.2795792,5.462054253
KLINIK PERGIGIAN SUNGAI DUA,04-6422201,TIADA,KLINIK PERGIGIAN,15/12/2014,NA,NA,KLINIK KESIHATAN SUNGAI DUA,NA,NA,SUNGAI DUA,11700,DTL,PULAU PINANG,100.2974854,5.344109058
KLINIK PERGIGIAN SUNGAI ACHEH,04-5982729,TIADA,KLINIK PERGIGIAN,15/12/2014,NA,NA,KLINIK KESIHATAN SUNGAI ACHEH,JALAN SUNGAI ACHEH,SUNGAI ACHEH,NIBONG TEBAL,14300,SPS,PULAU PINANG,100.4226151,5.15023613
KLINIK PERGIGIAN SIMPANG AMPAT,04-5887355,TIADA,KLINIK PERGIGIAN,15/12/2014,NA,NA,KLINIK KESIHATAN BANDAR TASEK MUTIARA,JALAN TASEK MUTIARA,BANDAR TASEK MUTIARA,SIMPANG AMPAT,14100,SPS,PULAU PINANG,100.4920502,5.281577587
KLINIK PERGIGIAN NIBONG TEBAL,04-5931355,TIADA,KLINIK PERGIGIAN,15/12/2014,NA,NA,KLINIK KESIHATAN NIBONG TEBAL,JALAN KLINIK,NA,NIBONG TEBAL,14300,SPS,PULAU PINANG,100.4737854,5.163600922
KLINIK PERGIGIAN BUKIT PANCHOR,04-5942937,04-5941349,KLINIK PERGIGIAN,15/12/2014,C/O PEJ. PERGIGIAN DAERAH,NA,KLINIK KESIHATAN BUKIT PANCHOR,JALAN BUKIT PANCHOR,BUKIT PANCHOR,NIBONG TEBAL,14300,SPS,PULAU PINANG,100.4928436,5.16665411
KLINIK PERGIGIAN PRAI,04-3901477,TIADA,KLINIK PERGIGIAN,15/12/2014,NA,NA,KLINIK KESIHATAN PRAI,NA,NA,PRAI,13700,SPT,PULAU PINANG,100.3881912,5.38371706
KLINIK PERGIGIAN BERAPIT,04-5071355,TIADA,KLINIK PERGIGIAN,15/12/2014,NA,NA,KLINIK KESIHATAN BERAPIT,NA,BERAPIT,BUKIT MERTAJAM,14000,SPT,PULAU PINANG,100.4745178,5.376434326
KLINIK PERGIGIAN KUBANG SEMANG,04-5371004,TIADA,KLINIK PERGIGIAN,15/12/2014,NA,NA,KLINIK KESIHATAN KUBANG SEMANG,NA,KUBANG SEMANG,BUKIT MERTAJAM,14400,SPT,PULAU PINANG,100.4639053,5.397496223
KLINIK PERGIGIAN HOSPITAL BUKIT MERTAJAM,04-5383355,TIADA,KLINIK PERGIGIAN,15/12/2014,NA,NA,HOSPITAL BUKIT MERTAJAM,JALAN KULIM,NA,BUKIT MERTAJAM,14000,SPT,PULAU PINANG,100.4645844,5.359922886
KLINIK PERGIGIAN BUKIT MINYAK,04-5071355,TIADA,KLINIK PERGIGIAN,15/12/2014,NA,NA,KLINIK KESIHATAN BUKIT MINYAK,NA,BUKIT MINYAK,BUKIT MERTAJAM,14000,SPT,PULAU PINANG,100.4484558,5.326694012
KLINIK PERGIGIAN SEBERANG JAYA,04-3907487,TIADA,KLINIK PERGIGIAN,15/12/2014,NA,NA,POLIKLINIK KOMUNITI SEBERANG JAYA,JALAN PERPUSTAKAAN,BANDAR SUNWAY,SEBERANG JAYA,13700,SPT,PULAU PINANG,100.3984375,5.393566132
KLINIK PAKAR BEDAH MULUT,04-3862216,TIADA,KLINIK PERGIGIAN,15/12/2014,NA,NA,HOSPITAL SEBERANG JAYA,JALAN TUN HUSSEIN ONN,SEBERANG JAYA,PERAI,13700,SPT,PULAU PINANG,100.4082718,5.394414902
KLINIK KOMUNITI TAMAN SERI GENTING ,04-866 2531,TIADA,KLINIK KOMUNITI,26/09/2019,NA,NO. 22,NA,NA,TAMAN SERI GENTING,BALIK PULAU,11000,DBD,PULAU PINANG,100.2226105,5.336849213
KLINIK KOMUNITI BAGAN DALAM,04-323 3751,TIADA,KLINIK KOMUNITI,26/09/2019,NA,A-G-03 & A-G-05,NA,NA,RUMAH PANGSA SRI BAGAN,BUTTERWORTH,12100,SPU,PULAU PINANG,100.3714981,5.392530918
KLINIK KOMUNITI PENANG TIMES SQUARE,04-226 5486,TIADA,KLINIK KOMUNITI,26/09/2019,NA,"LOT 77-3-16 &17 ,TINGKAT 3",PENANG TIMES SQUARE,JALAN DATUK KERAMAT,NA,GEORGE TOWN,10150,DTL,PULAU PINANG,100.3250809,5.412565231
KLINIK KOMUNITI SIMPANG AMPAT,04-5024915 ,TIADA,KLINIK KOMUNITI,26/09/2019,NA,NO. 81 ,NA,LORONG 1/SS1 ,BANDAR TASEK MUTIARA ,SIMPANG AMPAT ,14120,SPS,PULAU PINANG,100.4829025,5.283827305
KLINIK KOMUNITI TAMAN MERBAU JAYA ,04 3562087,TIADA,KLINIK KOMUNITI,26/09/2019,NA,NO. 8 ,NA,LORONG MERBAU JAYA 1 ,"TAMAN MERBAU JAYA, SUNGAI DUA",BUTTERWORTH ,13800,SPU,PULAU PINANG,100.4321747,5.45135355
KLINIK KOMUNITI TAMAN PERWIRA ,04- 5021548,TIADA,KLINIK KOMUNITI,26/09/2019,NA,NO. 49,NA,LORONG PERWIRA INDAH 1 ,TAMAN PERWIRA INDAH,BUKIT MERTAJAM,14100,SPT,PULAU PINANG,100.4768982,5.299530983
KLINIK KOMUNITI TAMAN SERI DELIMA , 04-5040467 ,TIADA,KLINIK KOMUNITI,26/09/2019,NA,NO. G-25 ,NA,JALAN DELIMA 3 ,TAMAN SERI DELIMA,BUKIT MERTAJAM,14000,SPT,PULAU PINANG,100.4369278,5.316559792
KLINIK PERGIGIAN SUNGAI BAKAP,04-5824333,TIADA,KLINIK PERGIGIAN,15/12/2014,NA,NA,HOSPITAL SUNGAI BAKAP,NA,SUNGAI JAWI,SEBERANG PERAI SELATAN,14200,SPS,PULAU PINANG,100.4973221,5.219796181
KLINIK DESA PERMATANG PASIR,04-3981404,TIADA,KLINIK DESA,31/12/2013,NA,NA,NA,NA,PERMATANG PASIR,BUKIT MERTAJAM,14000,SPT,PULAU PINANG,100.437973,5.415272236
KLINIK KESIHATAN KUALA MUDA,04-5793405,04-5754433,KLINIK KESIHATAN,13/10/2022,NA,NA,NA,NA,KUALA MUDA,PENAGA,13110,SPU,PULAU PINANG,100.3411026,5.572142601
KLINIK KESIHATAN UTC,TIADA,TIADA,KLINIK KESIHATAN,13/10/2022,NA,2B-2-06,KOMTAR,LEBUH TEK SOON,NA,GEORGE TOWN,10590,DTL,PULAU PINANG,100.3304138,5.415407658
