"story_id","story_title_en","story_body_en","language_code","theme","tips_or_lesson","story_url","story_title_en_ms","story_title_en_ne","story_title_en_bn","story_title_en_hi","story_body_en_ms","story_body_en_ne","story_body_en_bn","story_body_en_hi","theme_ms","theme_ne","theme_bn","theme_hi","tips_or_lesson_ms","tips_or_lesson_ne","tips_or_lesson_bn","tips_or_lesson_hi","last_checked"
"1","How I Became Undocumented: My Struggles as a Domestic Worker in Malaysia","I came to Malaysia from Indonesia, hoping to earn money for my family. But things went wrong—my contract wasn't honored, agents fooled me, and I even had to run away from abuse. Suddenly, I became undocumented. Without legal papers, I had no choice but to accept dangerous, low-pay jobs and live in fear. Getting documents again was too hard and expensive, and I met many women and children suffering the same. Only with help from NGOs and the embassy did I find shelter and some hope.","EN","Legal & Documents","Losing my legal status made me feel powerless and unsafe;Fair and simple ways to get documents are so important;Knowing our rights and connecting with support groups can save us","https://projectmultatuli.org/en/turning-undocumented-struggles-of-indonesian-undocumented-domestic-workers-in-malaysia/","Bagaimana Saya Menjadi Undocumented: Perjuangan Saya sebagai Pekerja Rumah Tangga di Malaysia","म कसरी निर्दयतापूर्वक स्वागत गरियो: मेरो संघर्ष मलेशियामा घरेलु कामदारको रूपमा संघर्ष गर्दै","আমি কীভাবে অনিবন্ধিত হয়েছি: মালয়েশিয়ায় ঘরোয়া কর্মী হিসাবে আমার সংগ্রাম","मैं कैसे अनिर्दिष्ट हो गया: मलेशिया में एक घरेलू कार्यकर्ता के रूप में मेरा संघर्ष","Saya datang ke Malaysia dari Indonesia, dengan harapan dapat memperoleh wang untuk keluarga saya. Tetapi perkara yang salah -kontrak saya tidak dihormati, ejen menipu saya, dan saya juga terpaksa melarikan diri dari penyalahgunaan. Tiba -tiba, saya menjadi tidak berdokumen. Tanpa kertas undang-undang, saya tidak mempunyai pilihan tetapi menerima pekerjaan yang berbahaya, rendah dan hidup dalam ketakutan. Mendapatkan dokumen lagi terlalu keras dan mahal, dan saya bertemu dengan banyak wanita dan kanak -kanak yang menderita sama. Hanya dengan bantuan dari NGO dan kedutaan yang saya dapati perlindungan dan harapan.","म आफ्नो परिवारको लागि पैसा कमाउने आशामा इन्डोनेशियाबाट मलेसिया गएँ। तर कुरा गलत भयो - मेरो सम्झौता सम्मान गरिएको थिएन, एजेन्टहरूले मलाई धोका दिए, र म पनि दुर्व्यवहारबाट भाग्नुपर्यो। अचानक, म निर्वासित भएँ। कानूनी कागजातहरू बिना, म खतरनाक, कम-भुक्तानी रोजगारहरू स्वीकार गर्न र डरमा बाँच्न कुनै विकल्प थिएन। कागजातहरू फेरि कडा र महँगो भएको थियो, र मैले धेरै महिलाहरू भेटें र बच्चाहरूलाई पनि त्यस्तै महसुस गरें। केवल NGOS र दूतावासको सहयोगको साथ मैले आश्रय पाए र केही आशा पाए।","আমি আমার পরিবারের জন্য অর্থ উপার্জনের আশায় ইন্দোনেশিয়া থেকে মালয়েশিয়ায় এসেছি। তবে বিষয়গুলি ভুল হয়ে গেছে - আমার চুক্তিটি সম্মানিত হয়নি, এজেন্টরা আমাকে বোকা বানিয়েছিল এবং আমাকে এমনকি অপব্যবহার থেকে পালাতে হয়েছিল। হঠাৎ, আমি অনিবন্ধিত হয়ে গেলাম। আইনী কাগজপত্র ব্যতীত, আমার বিপজ্জনক, স্বল্প বেতনের চাকরি গ্রহণ করা এবং ভয়ে বেঁচে থাকা ছাড়া আর কোনও উপায় ছিল না। আবার ডকুমেন্টগুলি পাওয়া খুব শক্ত এবং ব্যয়বহুল ছিল এবং আমি অনেক মহিলা এবং শিশুদের সাথে একইভাবে ভোগাচ্ছিলাম। কেবল এনজিও এবং দূতাবাসের সহায়তায় আমি আশ্রয় এবং কিছু আশা খুঁজে পেয়েছি।","मैं इंडोनेशिया से मलेशिया आया, अपने परिवार के लिए पैसे कमाने की उम्मीद कर रहा था। लेकिन चीजें गलत हो गईं - मेरे अनुबंध को सम्मानित नहीं किया गया, एजेंटों ने मुझे बेवकूफ बनाया, और मुझे दुर्व्यवहार से भी भागना पड़ा। अचानक, मैं अनिर्दिष्ट हो गया। कानूनी कागजात के बिना, मेरे पास खतरनाक, कम-भुगतान वाली नौकरियों को स्वीकार करने और डर में रहने के अलावा कोई विकल्प नहीं था। दस्तावेज़ फिर से प्राप्त करना बहुत कठिन और महंगा था, और मैं कई महिलाओं और बच्चों से पीड़ित होकर मिला। केवल एनजीओ और दूतावास की मदद से मुझे आश्रय और कुछ आशा मिली।","Undang-undang & Dokumen","कानूनी र कागजातहरू","আইনি এবং নথিপত্র","कानूनी और दस्तावेज़","Kehilangan status undang -undang saya membuatkan saya berasa tidak berdaya dan tidak selamat; cara yang adil dan mudah untuk mendapatkan dokumen sangat penting; mengetahui hak kita dan menghubungkan dengan kumpulan sokongan dapat menyelamatkan kita","मेरो कानूनी स्थिति गुमाउँदा मलाई शक्तिहीन र असुरक्षित महसुस भयो; कागजातहरू प्राप्त गर्न निष्पक्ष र सरल तरिकाहरू यति महत्त्वपूर्ण हुन्छन्; हाम्रो अधिकारहरू थाहा पाउनुहोस् र समर्थन समूहहरूको साथ जडान गर्न सक्छ","আমার আইনী অবস্থান হারানো আমাকে শক্তিহীন এবং অনিরাপদ বোধ করে; নথি পাওয়ার ন্যায্য এবং সহজ উপায়গুলি এত গুরুত্বপূর্ণ; আমাদের অধিকারগুলি জেনে রাখা এবং সমর্থন গোষ্ঠীর সাথে সংযোগ স্থাপন আমাদের বাঁচাতে পারে","मेरी कानूनी स्थिति को खोने से मुझे शक्तिहीन और असुरक्षित महसूस हुआ; दस्तावेजों को प्राप्त करने के लिए उचित और सरल तरीके इतने महत्वपूर्ण हैं; हमारे अधिकारों को जानना और सहायता समूहों के साथ जुड़ना हमें बचा सकता है","2025-09-16"
"2","We Fought Together and Won: How 74 of Us Finally Got Our Unpaid Wages","I was one of 74 Bangladeshi workers stuck in Malaysia. We didn't get paid and lived in crowded hostels. On our own, we felt helpless—but by joining forces and with TENAGANITA's support, we stood up and challenged our employer legally. After a long fight, the court ordered the company to pay us what we were owed. Winning our case showed that it's possible to get justice if we stick together and speak out.","EN","Fair Pay & Wages","It's easy to feel hopeless alone, but unity gives us strength;Getting support from NGOs and using the law really helped;We must be brave and demand our rights","https://www.nst.com.my/news/nation/2025/06/1233314/tenaganita-commends-rm155-million-payout-order-bangladeshi-workers","Kami berjuang bersama dan menang: Bagaimana 74 dari kami akhirnya mendapat upah yang tidak dibayar kami","हामी सँगै लड्यौं र जित्यौं: हामीमध्ये ७४ जनाले अन्ततः हाम्रो तलब नपाएको ज्याला कसरी पायौं","আমরা একসাথে লড়াই করে জিতেছি: কীভাবে আমাদের ৭৪ জন অবশেষে আমাদের অবৈতনিক মজুরি পেলাম","हमने मिलकर लड़ाई लड़ी और जीत हासिल की: हममें से 74 लोगों को आखिरकार हमारी बकाया मजदूरी कैसे मिली","Saya adalah salah seorang daripada 74 pekerja Bangladesh yang terjebak di Malaysia. Kami tidak dibayar dan tinggal di asrama yang sesak. Pada diri kita sendiri, kami merasa tidak berdaya -tetapi dengan menyertai pasukan dan dengan sokongan Tenaganita, kami berdiri dan mencabar majikan kami secara sah. Selepas perjuangan yang panjang, mahkamah memerintahkan syarikat itu membayar kami apa yang kami bayar. Memenangi kes kami menunjukkan bahawa mungkin untuk mendapatkan keadilan jika kita bersatu dan bersuara.","मलेसियामा अड्किएका ७४ जना बंगलादेशी कामदारमध्ये म पनि एक थिएँ। हामीले तलब पाएनौं र भीडभाड भएका होस्टेलमा बस्यौं। हामी आफैंले असहाय महसुस गर्यौं - तर सेनामा सामेल भएर र TENAGANITA को सहयोगमा, हामी उठ्यौं र हाम्रो रोजगारदातालाई कानुनी रूपमा चुनौती दियौं। लामो लडाइँ पछि, अदालतले कम्पनीलाई हामीले तिर्नुपर्ने रकम तिर्न आदेश दियो। हाम्रो मुद्दा जित्नुले हामी एकजुट भएर बोल्यौं भने न्याय पाउन सम्भव छ भन्ने देखाएको छ।","মালয়েশিয়ায় আটকে থাকা ৭৪ জন বাংলাদেশি শ্রমিকের মধ্যে আমিও একজন ছিলাম। আমরা বেতন পেতাম না এবং জনাকীর্ণ হোস্টেলে থাকতাম। আমরা নিজেরাই অসহায় বোধ করতাম—কিন্তু ঐক্যবদ্ধ হয়ে এবং TENAGANITA-এর সহায়তায়, আমরা আমাদের নিয়োগকর্তার বিরুদ্ধে আইনি লড়াইয়ে উঠে দাঁড়াই। দীর্ঘ লড়াইয়ের পর, আদালত কোম্পানিকে আমাদের পাওনা পরিশোধ করার নির্দেশ দেয়। আমাদের মামলায় জয়লাভ দেখিয়েছে যে আমরা যদি একসাথে থাকি এবং কথা বলি তবে ন্যায়বিচার পাওয়া সম্ভব।","मैं मलेशिया में फँसे 74 बांग्लादेशी मज़दूरों में से एक था। हमें तनख्वाह नहीं मिलती थी और हम भीड़-भाड़ वाले हॉस्टलों में रहते थे। अकेले हम खुद को लाचार महसूस करते थे—लेकिन एकजुट होकर और TENAGANITA के सहयोग से, हम खड़े हुए और अपने नियोक्ता को कानूनी तौर पर चुनौती दी। लंबी लड़ाई के बाद, अदालत ने कंपनी को आदेश दिया कि वह हमें हमारा बकाया भुगतान करे। हमारे केस की जीत ने दिखाया कि अगर हम एकजुट रहें और अपनी आवाज़ उठाएँ तो न्याय पाना संभव है।","Gaji Adil & Upah","निष्पक्ष तलब र ज्यालाहरू","ন্যায্য বেতন এবং মজুরি","निष्पक्ष वेतन और मजदूरी","Sangat mudah untuk merasa sia -sia sahaja, tetapi perpaduan memberi kita kekuatan; mendapat sokongan dari NGO dan menggunakan undang -undang benar -benar membantu; kita mesti berani dan menuntut hak kita","एक्लो एक्लो महसुस गर्न सजिलो छ, तर एकताले हामीलाई बल दिन्छ; गैर-संस्थाबाट समर्थन प्राप्त गर्दै वास्तवमा हाम्रो अधिकारहरूको माग गर्नै पर्छ","একা হতাশ বোধ করা সহজ, তবে unity ক্য আমাদের শক্তি দেয়; এনজিওদের কাছ থেকে সমর্থন পাওয়া এবং আইনটি ব্যবহার করে সত্যই সহায়তা করে; আমাদের অবশ্যই সাহসী হতে হবে এবং আমাদের অধিকার দাবি করতে হবে","अकेले निराशाजनक महसूस करना आसान है, लेकिन एकता हमें ताकत देती है; एनजीओ से समर्थन प्राप्त करना और कानून का उपयोग करना वास्तव में मदद करता है; हमें बहादुर होना चाहिए और अपने अधिकारों की मांग करनी चाहिए","2025-09-16"
"3","I Ran to Escape a Raid—Not Everyone Survived: My Story as a Myanmar Worker in Malaysia","The factory where I worked was raided. I ran for my life, but a friend died and many others were caught and injured. Without documents, we are always at risk of detention, long months in camps, and even deportation. It's hard to live like this, always scared, never knowing what tomorrow brings. But we keep hoping for safer policies and a better future.","EN","Safety & Health","Running from the police can be deadly;We need safer ways to manage our status;Staying informed and united makes a difference","https://www.irrawaddy.com/news/burma/one-myanmar-migrant-killed-while-fleeing-dozens-detained-in-malaysia-crackdown.html","Saya berlari untuk melarikan diri dari serbuan -tidak semua orang terselamat: kisah saya sebagai pekerja Myanmar di Malaysia","म एउटा लडबाट भाग्न दगुर्दा - सबैजना बाँचेनन्: मेरो कथा मलेशियामा म्यानमाररको कामदारको रूपमा","আমি একটি অভিযান থেকে বাঁচতে দৌড়েছি - সবাই বেঁচে নেই: মালয়েশিয়ায় মিয়ানমার কর্মী হিসাবে আমার গল্প","मैं एक छापे से बचने के लिए भाग गया - हर कोई नहीं बच गया: मलेशिया में एक म्यांमार कार्यकर्ता के रूप में मेरी कहानी","Kilang di mana saya bekerja diserbu. Saya berlari untuk hidup saya, tetapi seorang kawan mati dan banyak lagi yang ditangkap dan cedera. Tanpa dokumen, kami sentiasa berisiko untuk penahanan, berbulan -bulan lama di kem, dan juga deportasi. Sukar untuk hidup seperti ini, selalu takut, tidak pernah mengetahui apa yang dibawa esok. Tetapi kami terus berharap untuk dasar yang lebih selamat dan masa depan yang lebih baik.","मैले काम गरेको कारखानामा छापा मारियो। म मेरो जीवनको लागि दगुरे, तर साथीको मृत्यु भयो र धेरै मानिसहरू पक्राउ परेका र घाइते भए। कागजात बिना, हामी जहिले पनि नजरबन्दको जोखिममा हुन्छौं शिविरहरूमा लामो र निर्वासनमा। यस्तो जीवन बिताउन गाह्रो छ, सधैं डराएको छ, कहिले पनि थाहा छैन कि भोलि के हुन्छ। तर हामी सुरक्षित नीति र राम्रो भविष्यको आशा गर्दछौं।","আমি যে কারখানায় কাজ করেছি সেখানে অভিযান চালানো হয়েছিল। আমি আমার জীবনের জন্য দৌড়েছিলাম, তবে এক বন্ধু মারা গিয়েছিল এবং আরও অনেকে ধরা পড়ে আহত হয়েছিলেন। নথি ব্যতীত আমরা সর্বদা আটকের ঝুঁকিতে থাকি, শিবিরগুলিতে দীর্ঘ মাস এবং এমনকি নির্বাসনও করি। এটি এমনভাবে বেঁচে থাকা শক্ত, সর্বদা ভয় পায়, আগামীকাল কী নিয়ে আসে তা কখনই জেনে না। তবে আমরা নিরাপদ নীতি এবং আরও ভাল ভবিষ্যতের আশা করি।","जिस कारखाने में मैंने काम किया, उस पर छापा मारा गया। मैं अपने जीवन के लिए दौड़ा, लेकिन एक दोस्त की मौत हो गई और कई अन्य लोग पकड़े गए और घायल हो गए। दस्तावेजों के बिना, हम हमेशा हिरासत में होते हैं, शिविरों में लंबे महीने और यहां तक ​​कि निर्वासन भी। इस तरह से जीना मुश्किल है, हमेशा डरा हुआ है, कभी नहीं पता कि कल क्या लाता है। लेकिन हम सुरक्षित नीतियों और बेहतर भविष्य की उम्मीद करते रहते हैं।","Keselamatan & Kesihatan","सुरक्षा र स्वास्थ्य","নিরাপত্তা এবং স্বাস্থ্য","सुरक्षा और स्वास्थ्य","Berlari dari polis boleh mematikan; kita memerlukan cara yang lebih selamat untuk menguruskan status kita; tinggal dimaklumkan dan bersatu membuat perbezaan","पुलिसबाट दौडिन घातक हुन सक्छ; हामीलाई हाम्रो स्थिति प्रबन्ध गर्न सुरक्षित तरिकाहरू चाहिन्छ; सूचित गरीएको र युनाइटेलले फरक पार्छ","পুলিশ থেকে দৌড়ানো মারাত্মক হতে পারে; আমাদের স্ট্যাটাস পরিচালনা করার জন্য আমাদের আরও নিরাপদ উপায় প্রয়োজন; অবহিত এবং ইউনাইটেডের একটি পার্থক্য রয়েছে","पुलिस से दौड़ना घातक हो सकता है; हमें अपनी स्थिति को प्रबंधित करने के लिए सुरक्षित तरीकों की आवश्यकता है;","2025-09-16"
"4","We Escaped Forced Labour and Fought for Justice: The Journey of 48 Indian Workers","I was trapped on a construction site with 47 others—working without pay, not enough to eat, threats from our boss. During Deepavali, we escaped and found safety with a local temple and the Indian High Commission. Thanks to legal support and community help, we challenged our employer and—after a long fight—won our case. Our journey shows that, together, we can stand up for ourselves and change things for the better.","EN","Resilience & Success","Don't give up, even when the system seems stacked against you;Solidarity makes us stronger;Early support and clear contracts make a difference","https://international.astroawani.com/malaysia-news/how-48-indian-workers-strengthened-malaysias-forced-labour-fight-446382","Kami melarikan diri buruh paksa dan berjuang untuk keadilan: perjalanan 48 pekerja India","हामी जबरजस्ती श्रमबाट भाग्यौं र न्यायको लागि लड्यौं: ४८ भारतीय कामदारहरूको यात्रा","আমরা জোরপূর্বক শ্রম থেকে পালিয়ে এসে ন্যায়বিচারের জন্য লড়াই করেছি: ৪৮ জন ভারতীয় শ্রমিকের যাত্রা","हम जबरन मजदूरी से बच निकले और न्याय के लिए लड़े: 48 भारतीय श्रमिकों की यात्रा","Saya terperangkap di tapak pembinaan dengan 47 orang lain -bekerja tanpa gaji, tidak cukup untuk makan, ancaman dari bos kami. Semasa Deepavali, kami melarikan diri dan mendapati keselamatan dengan kuil tempatan dan Suruhanjaya Tinggi India. Terima kasih kepada sokongan undang -undang dan bantuan komuniti, kami mencabar majikan kami dan selepas perjuangan yang panjang -mempunyai kes kami. Perjalanan kita menunjukkan bahawa, bersama -sama, kita boleh berdiri untuk diri kita sendiri dan mengubah perkara -perkara yang lebih baik.","म ४७ जना अन्य मानिसहरूसँग निर्माण स्थलमा फसेको थिएँ—तलब बिना काम गर्दै, खान पर्याप्त थिएन, हाम्रो हाकिमबाट धम्की। दीपावलीको समयमा, हामी भाग्यौं र स्थानीय मन्दिर र भारतीय उच्चायोगसँग सुरक्षा पायौं। कानुनी सहयोग र समुदायको सहयोगको लागि धन्यवाद, हामीले हाम्रो रोजगारदातालाई चुनौती दियौं र - लामो लडाई पछि - हाम्रो मुद्दा जित्यौं। हाम्रो यात्राले देखाउँछ कि, सँगै, हामी आफ्नो लागि उभिन सक्छौं र राम्रोको लागि चीजहरू परिवर्तन गर्न सक्छौं।","আমি ৪৭ জনের সাথে একটি নির্মাণস্থলে আটকা পড়েছিলাম—বিনা বেতনে কাজ করছিলাম, পর্যাপ্ত খাবার নেই, আমাদের বসের হুমকি। দীপাবলির সময়, আমরা পালিয়ে গিয়ে স্থানীয় একটি মন্দির এবং ভারতীয় হাই কমিশনের কাছে নিরাপদে ছিলাম। আইনি সহায়তা এবং সম্প্রদায়ের সাহায্যের জন্য ধন্যবাদ, আমরা আমাদের নিয়োগকর্তাকে চ্যালেঞ্জ করেছিলাম এবং দীর্ঘ লড়াইয়ের পর আমাদের মামলা জিতেছিলাম। আমাদের যাত্রা দেখায় যে, একসাথে, আমরা নিজেদের পক্ষে দাঁড়াতে পারি এবং উন্নতির জন্য পরিস্থিতি পরিবর্তন করতে পারি।","मैं 47 अन्य लोगों के साथ एक निर्माण स्थल पर फँस गया था—बिना वेतन के काम कर रहा था, पेट भर खाना नहीं मिल रहा था, और हमारे मालिक की धमकियाँ भी झेल रहा था। दीपावली के दौरान, हम बच निकले और एक स्थानीय मंदिर और भारतीय उच्चायोग में सुरक्षित जगह पा ली। कानूनी सहायता और सामुदायिक मदद की बदौलत, हमने अपने नियोक्ता को चुनौती दी और—एक लंबी लड़ाई के बाद—अपना केस जीत लिया। हमारा सफ़र दिखाता है कि हम सब मिलकर अपने लिए खड़े हो सकते हैं और हालात को बेहतर बना सकते हैं।","Daya Tahan & Kejayaan","लचक र सफलता","স্থিতিস্থাপকতা এবং সাফল্য","लचीलापन और सफलता","Jangan berputus asa, walaupun sistem itu seolah -olah ditumpuk terhadap anda; perpaduan menjadikan kita lebih kuat; sokongan awal dan kontrak yang jelas membuat perbezaan","हार नमान्नुहोस्, जब प्रणाली तपाईंको बिरूद्धमा स्ट्याक देखिन्छ; तैयारले हामीलाई बलियो बनाउँदछ; प्रारम्भिक समर्थन र स्पष्ट सम्झौताले फरक पार्छ","হাল ছেড়ে দেবেন না, এমনকি যখন সিস্টেমটি আপনার বিরুদ্ধে সজ্জিত বলে মনে হয়; সংহতি আমাদের আরও শক্তিশালী করে তোলে; প্রাথমিক সমর্থন এবং পরিষ্কার চুক্তিগুলি একটি পার্থক্য করে","जब सिस्टम आपके खिलाफ स्टैक्ड लगता है, तब भी हार न मानें; एकजुटता हमें मजबूत बनाती है; प्रारंभिक समर्थन और स्पष्ट अनुबंधों से एक अंतर है","2025-09-16"
"5","When My Work Permit Was Suddenly Cut Short: How Rushed Policies Hurt Migrant Workers Like Me","My company had barely enough time to renew my work permit because the rules changed so fast. Many bosses risked hiring through illegal channels, and some of my friends ended up working too many hours or without a day off, feeling trapped and exploited. These sudden policies made life harder for all of us.","EN","Working Hours & Conditions","Sudden policy changes create problems for everyone;A clear and transparent process is key for our rights;We need strong rules and their enforcement to stay protected","https://www.malaymail.com/news/malaysia/2024/03/09/activists-warn-rushed-visa-deadline-could-force-firms-to-source-foreign-workers-unethically/122316","Apabila permit kerja saya tiba -tiba dipotong: bagaimana dasar bergegas menyakiti pekerja asing seperti saya","जब मेरो कार्यसमितिको परमिट अचानक कटौती गरिएको थियो: मजस्तै प्रवासी कामदारहरूलाई कसरी चोट पुर्यायो","যখন আমার ওয়ার্ক পারমিটটি হঠাৎ করে কেটে গেল: কীভাবে দ্রুত নীতিগুলি আমার মতো অভিবাসী কর্মীদের ক্ষতি করে","जब मेरे वर्क परमिट को अचानक काट दिया गया था: मेरे जैसे प्रवासी श्रमिकों को कैसे चोट लगी थी","Syarikat saya mempunyai masa yang cukup untuk memperbaharui permit kerja saya kerana peraturan berubah begitu cepat. Ramai bos berisiko menyewa melalui saluran haram, dan beberapa kawan saya akhirnya bekerja terlalu banyak jam atau tanpa sehari, merasa terperangkap dan dieksploitasi. Dasar -dasar yang tiba -tiba ini menjadikan kehidupan lebih sukar bagi kita semua.","मेरो कम्पनीले मेरो कार्य अनुमति नवीकरण गर्न पर्याप्त समय पाएको छ किनकि नियमहरू यति छिटो परिवर्तन भयो। धेरै बोर्सहरूले अवैध च्यानलहरूको माध्यमबाट भाडामा लिएको छ, र मेरा केही साथीहरूले धेरै घण्टा काम गरे र एक दिन बन्द नगरी फँडे र शोषण गरे। यी अचानक नीतिले हामी सबैको लागि जीवन कठिन बनायो।","আমার সংস্থার আমার ওয়ার্ক পারমিটটি পুনর্নবীকরণের জন্য সবেমাত্র যথেষ্ট সময় ছিল কারণ নিয়মগুলি এত দ্রুত পরিবর্তিত হয়েছিল। অনেক কর্তারা অবৈধ চ্যানেলগুলির মাধ্যমে ভাড়া নেওয়ার ঝুঁকি নিয়েছিলেন এবং আমার কিছু বন্ধু অনেক ঘন্টা বা একদিনের ছুটি ছাড়াই কাজ শেষ করে, আটকা পড়ে এবং শোষণ অনুভব করে। এই হঠাৎ নীতিগুলি আমাদের সকলের জন্য জীবনকে আরও শক্ত করে তুলেছে।","मेरी कंपनी के पास मेरे वर्क परमिट को नवीनीकृत करने के लिए मुश्किल से समय था क्योंकि नियम इतनी तेजी से बदल गए। कई मालिकों ने अवैध चैनलों के माध्यम से काम पर रखने का जोखिम उठाया, और मेरे कुछ दोस्तों ने बहुत सारे घंटे या एक दिन की छुट्टी के बिना काम करना समाप्त कर दिया, फंसे और शोषण महसूस किया। इन अचानक नीतियों ने हम सभी के लिए जीवन को कठिन बना दिया।","Waktu Kerja & Syarat","काम गर्ने घण्टा र अवस्था","কাজের সময় এবং শর্তাবলী","कार्य घंटे और शर्तें","Perubahan dasar secara tiba -tiba menimbulkan masalah untuk semua orang; proses yang jelas dan telus adalah kunci untuk hak kita; kita memerlukan peraturan yang kuat dan penguatkuasaan mereka untuk terus dilindungi","अचानक नीति परिवर्तन अन्यका लागि समस्याहरू सिर्जना गर्दछ; स्पष्ट र पारदर्शी प्रक्रिया हाम्रो अधिकारका लागि प्रमुख छ; हामीलाई कडा नियमहरू र संरक्षणको आवश्यकता छ","হঠাৎ নীতিগত পরিবর্তনগুলি প্রত্যেকের জন্য সমস্যা তৈরি করে; একটি পরিষ্কার এবং স্বচ্ছ প্রক্রিয়া আমাদের অধিকারের জন্য মূল বিষয়; সুরক্ষিত থাকার জন্য আমাদের শক্তিশালী নিয়ম এবং তাদের প্রয়োগের প্রয়োজন","अचानक नीति परिवर्तन सभी के लिए समस्याएं पैदा करते हैं; एक स्पष्ट और पारदर्शी प्रक्रिया हमारे अधिकारों के लिए महत्वपूर्ण है; हमें संरक्षित रहने के लिए मजबूत नियमों और उनके प्रवर्तन की आवश्यकता है","2025-09-16"
"6","Living Like This Isn't Right: My Experience with Poor Hostel Conditions in Malaysia","I lived in a small, crowded hostel—dirty, full of rats, with broken pipes and little fresh air. Most of us felt sick and tired, but bosses just ignored our complaints. I later learned not every place is this bad: some workers get clean and safe housing. It made me believe our lives don't have to be like this if employers and society care.","EN","Housing & Living Conditions","Where we live matters for our dignity and health;Employers must take responsibility;There are good examples to follow","https://www.therakyatpost.com/living/2022/05/31/migrant-workers-are-treated-poorly-in-malaysia-why-is-this-still-happening/","Hidup seperti ini tidak betul: pengalaman saya dengan keadaan asrama yang lemah di Malaysia","यस्तो जस्तो बाँच्न सही छैन: मलेशियामा खराब होस्टेल सर्तहरूको साथ मेरो अनुभव","এ জাতীয় জীবনযাপন ঠিক নয়: মালয়েশিয়ার দরিদ্র হোস্টেল অবস্থার সাথে আমার অভিজ্ঞতা","इस तरह से रहना सही नहीं है: मलेशिया में गरीब छात्रावास की स्थिति के साथ मेरा अनुभव","Saya tinggal di sebuah asrama yang kecil dan penuh sesak, penuh dengan tikus, dengan paip yang patah dan udara segar. Kebanyakan kita berasa sakit dan letih, tetapi bos hanya mengabaikan aduan kita. Saya kemudian belajar tidak setiap tempat adalah buruk ini: sesetengah pekerja mendapat perumahan yang bersih dan selamat. Ia membuatkan saya percaya kehidupan kita tidak perlu seperti ini jika majikan dan penjagaan masyarakat.","म एउटा सानो, भीड होस्टल-फोहोर, मुसाले भरिएको पाइपहरू, भाँचिएको पाइपहरू र सानो ताजा हावाको साथ बस्यौं। हामी मध्ये धेरै बिरामी र थकित महसुस गर्यौं, तर बोर्सहरूले भर्खर हाम्रो गुनासोलाई वेवास्ता गरे। पछि मैले सिकें कि सबै ठाउँहरू यो खराब छैन: केही कामदारहरू सफा र सुरक्षित आवास हुन्छन्। यसले मलाई विश्वास गर्दछ कि हाम्रो जीवनले रोजगारदाता र समाज हेरचाह यदि रोजगार र समाजले हेरचाह भने पनि यस्तै हुनुपर्दैन।","আমি একটি ছোট, জনাকীর্ণ হোস্টেলে থাকতাম - লক্ষ্যযুক্ত, ইঁদুর দ্বারা পূর্ণ, ভাঙা পাইপ এবং সামান্য তাজা বাতাস সহ। আমাদের বেশিরভাগ অসুস্থ ও ক্লান্ত বোধ করেছিল, তবে কর্তারা কেবল আমাদের অভিযোগকে উপেক্ষা করেছেন। আমি পরে শিখেছি প্রতিটি জায়গা এটি খারাপ নয়: কিছু শ্রমিক পরিষ্কার এবং নিরাপদ আবাসন পান। এটি আমাকে বিশ্বাস করেছিল যে নিয়োগকর্তা এবং সমাজের যত্ন থাকলে আমাদের জীবনকে এ জাতীয় হতে হবে না।","मैं एक छोटे, भीड़ भरे हॉस्टल में रहता था - चूहों से भरा हुआ, टूटी हुई पाइप और छोटी ताजी हवा के साथ। हम में से अधिकांश बीमार और थके हुए महसूस करते थे, लेकिन मालिकों ने हमारी शिकायतों को नजरअंदाज कर दिया। मैंने बाद में सीखा कि हर जगह यह बुरा नहीं है: कुछ श्रमिकों को साफ और सुरक्षित आवास मिलता है। इसने मुझे विश्वास दिलाया कि हमारे जीवन को इस तरह नहीं होना चाहिए अगर नियोक्ता और समाज की देखभाल करें।","Perumahan & Keadaan Hidup","आवास र बस्ने अवस्था","আবাসন এবং বসবাসের অবস্থা","आवास और रहने की स्थिति","Di mana kita hidup untuk martabat dan kesihatan kita; majikan mesti bertanggungjawab; ada contoh yang baik untuk diikuti","जहाँ हामी हाम्रो सम्मान र स्वास्थ्यको लागि मामिलाहरू राख्छौं; रोजगारदाताहरूले जिम्मेवारी लिनु पर्छ; त्यहाँ अनुसरण गर्न राम्रो उदाहरणहरू छन्","যেখানে আমরা আমাদের মর্যাদা এবং স্বাস্থ্যের জন্য বিষয়গুলি বেঁচে থাকি; নিয়োগকর্তাদের অবশ্যই দায়িত্ব নিতে হবে; অনুসরণ করার জন্য ভাল উদাহরণ রয়েছে","जहां हम अपनी गरिमा और स्वास्थ्य के लिए मामलों में रहते हैं; नियोक्ताओं को जिम्मेदारी लेनी चाहिए; पालन करने के लिए अच्छे उदाहरण हैं","2025-09-16"
"7","I Got My Passport Back—And My Freedom Too: How We Changed the Rules at Our Workplace","Before, my boss kept my passport for security. It felt like I had lost my freedom. With help from EARTHWORM FOUNDATION and some buyers, the company finally gave us back our passports. We each got our own locker to keep it safe. This small change made us feel respected and safe, and trust grew on both sides.","EN","Legal & Documents","Having control over our own documents is a right;Real change needs everyone—workers, helpers, and management;Open talks and support helped us move forward","https://earthworm.org/news-stories/changing-passport-retention-malaysia-palm-oil","Saya mendapat pasport saya kembali -dan kebebasan saya juga: bagaimana kita mengubah peraturan di tempat kerja kita","मैले मेरो राहदानी फिर्ता पाएँ - मेरो स्वतन्त्रता पनि: कसरी हामीले हाम्रो कार्यस्थलमा नियमहरू परिवर्तन गर्यौं","আমি আমার পাসপোর্ট ফিরে পেয়েছি - এবং আমার স্বাধীনতাও: আমরা কীভাবে আমাদের কর্মক্ষেত্রে নিয়মগুলি পরিবর্তন করেছি","मुझे अपना पासपोर्ट वापस मिल गया- और मेरी स्वतंत्रता भी: कैसे हमने अपने कार्यस्थल पर नियम बदल दिए","Sebelum ini, bos saya menyimpan pasport saya ""untuk keselamatan."" Rasanya seperti saya telah kehilangan kebebasan saya. Dengan bantuan dari Yayasan Bumi dan beberapa pembeli, syarikat itu akhirnya memberi kami pasport kami. Kami masing -masing mendapat loker kami sendiri untuk memastikan ia selamat. Perubahan kecil ini membuatkan kami merasa dihormati dan selamat, dan kepercayaan berkembang di kedua -dua belah pihak.","पहिले, मेरो मालिकले मेरो राहदानीलाई ""सुरक्षाको लागि"" राखे। यस्तो लाग्यो कि मैले आफ्नो स्वतन्त्रता गुमाएको छु। गडवरण आधार र केही खरीददारहरूको सहयोगमा, कम्पनीले अन्ततः हामीलाई हाम्रो राहदानी फिर्ता दियो। हामी प्रत्येकले यसलाई सुरक्षित राख्नको लागि आफ्नै लकरहरू पाएका छौं। यो सानो परिवर्तनले हामीलाई सम्मानित र सुरक्षित महसुस गरायो, र विश्वास दुबै पक्षमा बढ्यो।","আগে, আমার বস আমার পাসপোর্ট ""সুরক্ষার জন্য"" রেখেছিলেন। মনে হয়েছিল আমি আমার স্বাধীনতা হারিয়েছি। কেঁচো ফাউন্ডেশন এবং কিছু ক্রেতার সহায়তায়, সংস্থাটি অবশেষে আমাদের পাসপোর্টগুলি ফিরিয়ে দিয়েছে। এটি সুরক্ষিত রাখতে আমরা প্রত্যেকে আমাদের নিজস্ব লকার পেয়েছি। এই ছোট পরিবর্তনটি আমাদের সম্মানিত এবং নিরাপদ বোধ করেছে এবং বিশ্বাস উভয় পক্ষেই বেড়েছে।","इससे पहले, मेरे बॉस ने मेरा पासपोर्ट ""सुरक्षा के लिए"" रखा। ऐसा लगा जैसे मैंने अपनी स्वतंत्रता खो दी है। अर्थवॉर्म फाउंडेशन और कुछ खरीदारों की मदद से, कंपनी ने आखिरकार हमें अपना पासपोर्ट वापस दे दिया। हम प्रत्येक को इसे सुरक्षित रखने के लिए अपना लॉकर मिला। इस छोटे से बदलाव ने हमें सम्मानित और सुरक्षित महसूस कराया, और विश्वास दोनों तरफ बढ़ गया।","Undang-undang & Dokumen","कानूनी र कागजातहरू","আইনি এবং নথিপত্র","कानूनी और दस्तावेज़","Mempunyai kawalan ke atas dokumen kita sendiri adalah hak; perubahan sebenar memerlukan semua orang -pekerja, pembantu, dan pengurusan; rundingan terbuka dan sokongan membantu kami bergerak ke hadapan","हाम्रो आफ्नै कागजातहरूमाथि नियन्त्रण भएको एक दाहिने छ; वास्तविक परिवर्तन सबैजनालाई, सहयोगी र व्यवस्थापन; खुला वार्ता र समर्थनले हामीलाई अगाडि बढ्न मद्दत गर्यो","আমাদের নিজস্ব নথিগুলির উপর নিয়ন্ত্রণ থাকা একটি অধিকার; বাস্তব পরিবর্তনের প্রয়োজন প্রত্যেকের - কর্মী, সহায়ক এবং পরিচালনা; উন্মুক্ত আলোচনা এবং সহায়তা আমাদের এগিয়ে যেতে সহায়তা করে","हमारे अपने दस्तावेजों पर नियंत्रण रखना एक अधिकार है; वास्तविक परिवर्तन को सभी की जरूरत है - काम करने वालों, सहायकों, और प्रबंधन; खुली बातचीत और समर्थन ने हमें आगे बढ़ने में मदद की","2025-09-16"
"8","My Life as a Burmese Migrant Worker in Malaysia","I left Myanmar to work in Malaysia for a better future, but I faced discrimination and long hours with little rest. Sometimes, my employer treated me unfairly and I missed my family a lot. I met others like me—together, we shared our struggles and learned to support one another.","EN","Workplace Rights & Respect","Life as a migrant is hard, but sharing stories can bring comfort;Finding others who understand helps us feel less alone","https://www.wikiimpact.com/life-as-a-burmese-migrant-worker-in-malaysia-a-collection-of-stories/","Kehidupan saya sebagai pekerja pendatang Burma di Malaysia","मेरो जीवन मलेशियामा गानेस प्रवासी कामदारको रूपमा मेरो जीवन","মালয়েশিয়ায় বার্মিজ অভিবাসী কর্মী হিসাবে আমার জীবন","मलेशिया में एक बर्मी प्रवासी कार्यकर्ता के रूप में मेरा जीवन","Saya meninggalkan Myanmar untuk bekerja di Malaysia untuk masa depan yang lebih baik, tetapi saya menghadapi diskriminasi dan berjam -jam dengan sedikit rehat. Kadang -kadang, majikan saya merawat saya secara tidak adil dan saya sangat merindui keluarga saya. Saya berjumpa dengan orang lain seperti saya -bersama -sama, kami berkongsi perjuangan kami dan belajar untuk menyokong satu sama lain.","म एक राम्रो भविष्यको लागि मलेसियामा काम गर्न म्यानमामारलाई छोडिदिएँ तर मैले थोरै आरामसँग भेदभाव र लामो समय सामना गरें। कहिलेकाँही, मेरो रोजगारदाताले मलाई अनुचित व्यवहार गरे र मैले मेरो परिवारलाई धेरै याद गरें। मैले अरू जस्तो अरूलाई भेटें। हामीले आफ्नो संघर्षलाई बाँड्यौं र एक अर्कालाई सहयोग गर्न सिकें।","আমি মায়ানমারকে আরও ভাল ভবিষ্যতের জন্য মালয়েশিয়ায় কাজ করতে রেখেছি, তবে আমি কিছুটা বিশ্রাম নিয়ে বৈষম্য এবং দীর্ঘ সময়ের মুখোমুখি হয়েছি। কখনও কখনও, আমার নিয়োগকর্তা আমার সাথে অন্যায় আচরণ করেছিলেন এবং আমি আমার পরিবারকে অনেক মিস করেছি। আমি আমার মতো অন্যদের সাথে দেখা করেছি - এখন, আমরা আমাদের সংগ্রামগুলি ভাগ করে নিয়েছি এবং একে অপরকে সমর্থন করতে শিখেছি।","मैंने बेहतर भविष्य के लिए मलेशिया में काम करने के लिए म्यांमार छोड़ दिया, लेकिन मुझे भेदभाव और लंबे समय तक थोड़ा आराम करने के लिए लंबे समय तक सामना करना पड़ा। कभी -कभी, मेरे नियोक्ता ने मेरे साथ गलत व्यवहार किया और मैंने अपने परिवार को बहुत याद किया। मैं अपने जैसे अन्य लोगों से मिला- टॉगल, हमने अपने संघर्षों को साझा किया और एक दूसरे का समर्थन करना सीखा।","Hak Tempat Kerja & Penghormatan","कार्यस्थल अधिकार र सम्मान","কর্মক্ষেত্রের অধিকার এবং সম্মান","कार्यस्थल अधिकार और सम्मान","Kehidupan sebagai pendatang adalah sukar, tetapi berkongsi cerita dapat memberikan keselesaan; mencari orang lain yang memahami membantu kita merasa kurang sendirian","आप्रवासीको रूपमा जीवन कडा छ, तर साझेदारी कथाहरू सान्त्वना दिन सक्छ; अरूलाई फेला पार्ने अरूलाई फेला पार्न मद्दत गर्दछ जसले हामीलाई एक्लो महसुस गर्न मद्दत गर्दछ","অভিবাসী হিসাবে জীবন কঠিন, তবে গল্পগুলি ভাগ করে নেওয়া সান্ত্বনা আনতে পারে; অন্যদের যারা বোঝে তাদের সন্ধান করা আমাদের কম একা অনুভব করতে সহায়তা করে","एक प्रवासी के रूप में जीवन कठिन है, लेकिन कहानियों को साझा करने से आराम मिल सकता है; दूसरों को जो समझने में हमारी मदद करता है वह हमें कम अकेले महसूस करने में मदद करता है","2025-09-16"
"9","In the Pandemic, We Had Nothing But Solidarity: Indonesian Domestic Workers Surviving in Malaysia","When the pandemic hit, I lost my job as a domestic worker in Malaysia. Like many Indonesian women, I worried about food and rent. We had no help from our employers, but we supported each other by sharing meals and tips to survive. Our friendship kept us going even when things looked hopeless.","EN","Housing & Living Conditions","Solidarity and caring for each other make a big difference;Don't be afraid to ask for help from friends","https://idwfed.org/covid-19-2/support-protect-fight/covid-19-stories/malaysia-in-this-pandemic-we-got-nothing-but-solidarity-the-struggle-of-migrant-domestic-workers-in-malaysia-in-surviving-the-lockdown/","Dalam pandemik, kami tidak mempunyai solidariti: pekerja rumah tangga Indonesia yang masih hidup di Malaysia","महामारीमा, हामीमाथिको केही बाहेक अरू केही थिएन: इन्डोनेसियाली घरेलु कामदारहरू मलेशियामा बाँचेका छन्","মহামারীতে, আমাদের সংহতি ছাড়া আর কিছুই ছিল না: মালয়েশিয়ায় বেঁচে থাকা ইন্দোনেশিয়ান গৃহকর্মীরা","महामारी में, हमारे पास एकजुटता के अलावा कुछ भी नहीं था: मलेशिया में जीवित रहने वाले इंडोनेशियाई घरेलू कार्यकर्ता","Apabila pandemik melanda, saya kehilangan pekerjaan saya sebagai pekerja rumah tangga di Malaysia. Seperti ramai wanita Indonesia, saya bimbang tentang makanan dan sewa. Kami tidak mempunyai bantuan daripada majikan kami, tetapi kami menyokong satu sama lain dengan berkongsi makanan dan petua untuk bertahan. Persahabatan kami membuatkan kami pergi walaupun keadaan kelihatan tidak ada harapan.","जब महामारी हिट, म मलेशियामा घरेलु कार्यकर्ताको रूपमा मेरो काम हरायो। धेरै इन्डोनेसियाली महिलाहरू जस्तै म खाना र भाँडाको बारेमा चिन्तित छु। हामीसँग हाम्रा रोजगारदाताहरूले कुनै सहयोग गरेका थिएनन्, तर बाँच्नको लागि खाना र सुझावहरू बाँडेर एक अर्कालाई टेवा दिइयो। हाम्रो मित्रताले हामीलाई आशावादी भएको देखिए पनि हामीलाई चलिरहेको थियो।","মহামারীটি যখন আঘাত হানে, আমি মালয়েশিয়ায় ঘরোয়া কর্মী হিসাবে আমার চাকরি হারিয়েছি। অনেক ইন্দোনেশিয়ান মহিলার মতো আমিও খাবার এবং ভাড়া নিয়ে চিন্তিত। আমাদের নিয়োগকর্তাদের কাছ থেকে আমাদের কোনও সহায়তা ছিল না, তবে আমরা বেঁচে থাকার জন্য খাবার এবং টিপস ভাগ করে একে অপরকে সমর্থন করেছি। বিষয়গুলি হতাশ মনে হলেও আমাদের বন্ধুত্ব আমাদের চালিয়ে যায়।","जब महामारी मारा, तो मैंने मलेशिया में एक घरेलू कार्यकर्ता के रूप में अपनी नौकरी खो दी। कई इंडोनेशियाई महिलाओं की तरह, मुझे भोजन और किराए की चिंता थी। हमें अपने नियोक्ताओं से कोई मदद नहीं थी, लेकिन हमने जीवित रहने के लिए भोजन और युक्तियों को साझा करके एक -दूसरे का समर्थन किया। हमारी दोस्ती हमें तब भी चलती रही जब चीजें निराशाजनक लग रही थीं।","Perumahan & Keadaan Hidup","आवास र बस्ने अवस्था","আবাসন এবং বসবাসের অবস্থা","आवास और रहने की स्थिति","Perpaduan dan saling menjaga perbezaan besar; jangan takut untuk meminta pertolongan dari rakan","एकजुट र एक अर्काको लागि ख्याल राख्दा एक ठूलो फरक बनाउँदछ; साथीहरुबाट मद्दतको लागि सोध्न नडराउनुहोस्","সংহতি এবং একে অপরের যত্ন নেওয়া একটি বড় পার্থক্য করে; বন্ধুদের কাছ থেকে সাহায্য চাইতে ভয় পাবেন না","एक -दूसरे के लिए एकजुटता और देखभाल एक बड़ा अंतर है; दोस्तों से मदद मांगने से डरो मत","2025-09-16"
"10","Stranded and Cheated: How I Became a Victim of a Recruitment Scam in Malaysia","I left home with dreams of a good job, but once I arrived in Malaysia, I was stranded—there was no real job and no one to help. My agent lied and took my money. With other migrants, I struggled to survive, sometimes without even enough food.","EN","Legal & Documents","Always check your agent's background;We need stronger rules to stop fake recruiters","https://www.youtube.com/watch?v=N2hlQi5_yLY","Terdampar dan Ditipu: Bagaimana Saya Menjadi Mangsa Penipuan Pengambilan Pekerja di Malaysia","स्ट्राइड र ठगिए: म कसरी मलेशियामा भर्ती स्केमको शिकार भएँ","আটকা পড়া এবং প্রতারণা: আমি কীভাবে মালয়েশিয়ায় নিয়োগের কেলেঙ্কারির শিকার হয়েছি","फंसे और धोखा: मैं मलेशिया में एक भर्ती घोटाले का शिकार कैसे हुआ","Saya meninggalkan rumah dengan impian pekerjaan yang baik, tetapi apabila saya tiba di Malaysia, saya terkandas -tidak ada pekerjaan yang sebenar dan tidak ada yang dapat membantu. Ejen saya berbohong dan mengambil wang saya. Dengan pendatang lain, saya berjuang untuk bertahan, kadang-kadang tanpa makanan yang cukup.","म राम्रो कामको सपनाको साथ घर छोडें तर एक पटक म मलेसिया आइपुग्दा म फसेकी थिइनँ - त्यहाँ कुनै वास्तविक काम थिएन र कोही पनि सहयोग गर्न कोही थिएन। मेरो एजेन्टले झूट बोले र मेरो पैसा लिए। अन्य आप्रवासीहरूसँग म बाँच्न संघर्ष गरें, कहिलेकाँही पर्याप्त खाना बिना।","আমি একটি ভাল কাজের স্বপ্ন নিয়ে বাড়ি ছেড়ে চলে এসেছি, তবে একবার আমি মালয়েশিয়ায় পৌঁছে গেলে আমি আটকা পড়েছিলাম - কোনও সত্যিকারের কাজ ছিল না এবং সাহায্য করার মতো কেউ ছিল না। আমার এজেন্ট মিথ্যা বলে আমার টাকা নিয়েছিল। অন্যান্য অভিবাসীদের সাথে, আমি বেঁচে থাকার জন্য লড়াই করেছি, কখনও কখনও পর্যাপ্ত খাবার ছাড়াই।","मैं एक अच्छी नौकरी के सपनों के साथ घर छोड़ दिया, लेकिन एक बार जब मैं मलेशिया पहुंचा, तो मैं फंसे हुए थे - कोई वास्तविक नौकरी नहीं थी और कोई मदद करने के लिए नहीं था। मेरे एजेंट ने झूठ बोला और मेरे पैसे ले लिए। अन्य प्रवासियों के साथ, मैं जीवित रहने के लिए संघर्ष करता था, कभी -कभी पर्याप्त भोजन के बिना भी।","Undang-undang & Dokumen","कानूनी र कागजातहरू","আইনি এবং নথিপত্র","कानूनी और दस्तावेज़","Sentiasa periksa latar belakang ejen anda; kami memerlukan peraturan yang lebih kuat untuk menghentikan perekrut palsu","सँधै तपाईंको एजेन्टको पृष्ठभूमि जाँच गर्नुहोस्; नलोजन्थीहरू नक्कली भर्तीहरू रोक्न हामीलाई कडा नियमहरू चाहिन्छ","সর্বদা আপনার এজেন্টের পটভূমি পরীক্ষা করুন; জাল নিয়োগকারীদের বন্ধ করতে আমাদের আরও শক্তিশালী নিয়ম প্রয়োজন","हमेशा अपने एजेंट की पृष्ठभूमि की जाँच करें; हमें नकली भर्तीकर्ताओं को रोकने के लिए मजबूत नियमों की आवश्यकता है","2025-09-16"
"11","Trapped: My Life as an Exploited Migrant Worker in Malaysia","I was promised a good job, but ended up working day and night with hardly any pay or sleep. I shared a cramped room with many others, and often felt hopeless. Even so, telling my story helped me regain hope and find support.","EN","Working Hours & Conditions","Never give up telling your story;It's okay to ask for help","https://www.youtube.com/watch?v=IrZzYAC95xc","Terperangkap: Kehidupan saya sebagai pekerja migran yang dieksploitasi di Malaysia","फन्दामा: मेरो जीवन मलेशियामा एक शोषण प्रवासी कामदारको रूपमा मेरो जीवन","আটকা পড়েছে: মালয়েশিয়ায় শোষিত অভিবাসী কর্মী হিসাবে আমার জীবন","फंसे: मलेशिया में एक शोषित प्रवासी कार्यकर्ता के रूप में मेरा जीवन","Saya dijanjikan pekerjaan yang baik, tetapi akhirnya bekerja siang dan malam dengan hampir tidak ada gaji atau tidur. Saya berkongsi bilik yang sempit dengan banyak orang lain, dan sering merasa sia -sia. Walaupun begitu, menceritakan kisah saya membantu saya mendapatkan semula harapan dan mencari sokongan.","मलाई एक राम्रो काम वाचा गरिएको थियो, तर काम गर्न रात र निन्द्राको साथ काम र रात सँगै काम गर्यो। मैले अरूसँग साँपेको कोठा साझा गरें र प्राय जसो निराश महसुस गरें। तैपनि, मेरो कथा बोल्दै मलाई आशा पुनः प्राप्त गर्न र समर्थन पाउन मद्दत गर्यो।","আমাকে একটি ভাল কাজের প্রতিশ্রুতি দেওয়া হয়েছিল, তবে খুব কমই কোনও বেতন বা ঘুমের সাথে দিনরাত শেষ হয়েছিল। আমি আরও অনেকের সাথে একটি ক্র্যাম্পড রুম ভাগ করে নিয়েছি এবং প্রায়শই হতাশ বোধ করি। তবুও, আমার গল্পটি বলা আমাকে আশা ফিরে পেতে এবং সমর্থন খুঁজে পেতে সহায়তা করেছিল।","मुझे एक अच्छी नौकरी देने का वादा किया गया था, लेकिन शायद ही किसी भी वेतन या नींद के साथ काम कर रहे थे। मैंने कई अन्य लोगों के साथ एक तंग कमरा साझा किया, और अक्सर निराशाजनक महसूस किया। फिर भी, मेरी कहानी कहने से मुझे आशा हासिल करने और समर्थन पाने में मदद मिली।","Waktu Kerja & Syarat","काम गर्ने घण्टा र अवस्था","কাজের সময় এবং শর্তাবলী","कार्य घंटे और शर्तें","Jangan pernah berputus asa menceritakan kisah anda; tidak mengapa meminta pertolongan","कहिले पनि हाँसोको लागि नछोड्नुहोस्; मद्दतको लागि सोध्नु ठीक छ","আপনার গল্পটি বলা কখনই ছেড়ে দেবেন না; সাহায্য চাইতে ঠিক আছে","कभी भी अपनी कहानी बताना मत छोड़ो; मदद के लिए पूछना ठीक है","2025-09-16"
"12","My New Home, New Struggles: Stories from Nepali Migrant Workers in Malaysia","Coming from Nepal, I faced so many changes—workplace rules, language, and loneliness. Through making videos with others like me, I shared my challenges and hopes. This helped us feel stronger and taught others about our real lives.","EN","Workplace Rights & Respect","Sharing our own stories helps us and educates others;Community keeps us strong in a new country","https://www.mideq.org/pt-br/changing-narratives/changing-narratives-resources/storytelling-and-videomaking-together-engaging-with-nepali-migrants-in-malaysia/","Rumah baru saya, Perjuangan Baru: Cerita dari Pekerja Migran Nepal di Malaysia","मेरो नयाँ घर, नयाँ संघर्ष: नेपाली आप्रवासी कामदारहरूबाट मलेसियामा कथाहरू","আমার নতুন বাড়ি, নতুন সংগ্রাম: মালয়েশিয়ার নেপালি অভিবাসী শ্রমিকদের গল্প","मेरा नया घर, नया संघर्ष: मलेशिया में नेपाली प्रवासी श्रमिकों की कहानियां","Datang dari Nepal, saya menghadapi banyak perubahan -peraturan kerja, bahasa, dan kesepian. Melalui membuat video dengan orang lain seperti saya, saya berkongsi cabaran dan harapan saya. Ini membantu kita berasa lebih kuat dan mengajar orang lain tentang kehidupan sebenar kita.","नेपालबाट आउँदै गरेको, मैले यति धेरै परिवर्तन, कार्यस्थल नियम, भाषा, र एकाकीपनको सामना गरें। भिडियोहरू मजस्तै भिडियोहरू बनाएर, मैले मेरो चुनौतिहरू र आशाहरू साझा गरें। यसले हामीलाई बलियो महसुस गर्न मद्दत पुर्यायो र हाम्रो वास्तविक जीवनको बारेमा अरूलाई सिकायो।","নেপাল থেকে এসে আমি অনেক পরিবর্তনের মুখোমুখি হয়েছি - কর্মক্ষেত্রের নিয়ম, ভাষা এবং একাকীত্ব। আমার মতো অন্যদের সাথে ভিডিও তৈরির মাধ্যমে আমি আমার চ্যালেঞ্জগুলি এবং আশাগুলি ভাগ করে নিয়েছি। এটি আমাদের আরও শক্তিশালী বোধ করতে সহায়তা করেছিল এবং অন্যকে আমাদের বাস্তব জীবন সম্পর্কে শিখিয়েছিল।","नेपाल से आकर, मुझे बहुत सारे बदलावों का सामना करना पड़ा- काम के नियम, भाषा और अकेलापन। मेरे जैसे अन्य लोगों के साथ वीडियो बनाने के माध्यम से, मैंने अपनी चुनौतियों और आशाओं को साझा किया। इसने हमें मजबूत महसूस करने में मदद की और दूसरों को हमारे वास्तविक जीवन के बारे में सिखाया।","Hak Tempat Kerja & Penghormatan","कार्यस्थल अधिकार र सम्मान","কর্মক্ষেত্রের অধিকার এবং সম্মান","कार्यस्थल अधिकार और सम्मान","Berkongsi kisah kita sendiri membantu kita dan mendidik orang lain; komuniti membuat kita kuat di negara baru","हाम्रो आफ्नै कथाहरू साझेदारी गर्दा यसले हामीलाई अरूलाई सिकाउँछ; समुदायले हामीलाई नयाँ देशमा बलियो बनाउँदछन्","আমাদের নিজস্ব গল্পগুলি ভাগ করে নেওয়া আমাদের সহায়তা করে এবং অন্যকে শিক্ষিত করে; সম্প্রদায় আমাদের একটি নতুন দেশে শক্তিশালী রাখে","अपनी कहानियों को साझा करने से हमें मदद मिलती है और दूसरों को शिक्षित करता है; समुदाय हमें एक नए देश में मजबूत रखता है","2025-09-16"
"13","We Showed the World: Real Stories from Different Migrant Workers in Malaysia","I am one of many who told our stories through short films. We showed what life is really like as a migrant—our struggles, hopes, and small victories. Sharing on video helped us raise awareness and connect with people everywhere.","EN","Resilience & Success","Every voice matters—we can change minds with our stories;Don't be afraid to share your journey","https://globalvoices.org/2014/05/09/crossroads-video-stories-of-migrants-in-malaysia/","Kami Menunjukkan Dunia: Cerita Sebenar dari Pekerja Migran yang Berbeza di Malaysia","हामीले संसार देखायौं: मलेशियामा विभिन्न आप्रवासी कामदारहरूबाट वास्तविक कथाहरू","আমরা বিশ্ব দেখিয়েছি: মালয়েশিয়ার বিভিন্ন অভিবাসী শ্রমিকের বাস্তব গল্প","हमने द वर्ल्ड दिखाया: मलेशिया में विभिन्न प्रवासी श्रमिकों की वास्तविक कहानियाँ","Saya adalah salah satu daripada banyak yang menceritakan kisah kami melalui filem pendek. Kami menunjukkan kehidupan yang benar -benar seperti sebagai perjuangan, harapan, dan kemenangan kecil asing. Berkongsi video membantu kami meningkatkan kesedaran dan berhubung dengan orang di mana-mana.","म धेरै मध्ये एक हुँ जसले छोटो फिल्महरूको माध्यमबाट हाम्रा कथाहरू बताए। हामीले जीवनलाई वास्तवमै आप्रवासीजस्तै हो - हाम्रो संघर्ष, आशा, र साना विजयहरू। भिडियोमा साझेदारीले हामीलाई जागरूकता जगाउन र जताततै मानिससँग जडान गर्न मद्दत गर्यो।","আমি অনেকের মধ্যে একজন যারা শর্ট ফিল্মের মাধ্যমে আমাদের গল্পগুলি বলেছিলেন। আমরা দেখিয়েছি যে জীবনটি অভিবাসী হিসাবে সত্যই কেমন - আমাদের সংগ্রাম, আশা এবং ছোট বিজয়। ভিডিওতে ভাগ করে নেওয়া আমাদের সচেতনতা বাড়াতে এবং সর্বত্র মানুষের সাথে সংযোগ স্থাপনে সহায়তা করেছে।","मैं कई लोगों में से एक हूं जिन्होंने लघु फिल्मों के माध्यम से हमारी कहानियाँ सुनाईं। हमने दिखाया कि जीवन वास्तव में एक प्रवासी के रूप में कैसा है - हमारे संघर्ष, आशाएं और छोटी जीत। वीडियो पर साझा करने से हमें जागरूकता बढ़ाने और हर जगह लोगों के साथ जुड़ने में मदद मिली।","Daya Tahan & Kejayaan","लचक र सफलता","স্থিতিস্থাপকতা এবং সাফল্য","लचीलापन और सफलता","Setiap perkara suara - kita dapat mengubah minda dengan cerita kita; jangan takut untuk berkongsi perjalanan anda","प्रत्येक आवाज मामिलाहरू - हामी हाम्रो कथाहरु संग दिमाग परिवर्तन गर्न सक्छौं; तपाइँको यात्रा साझा गर्न नडराउनुहोस्","প্রতিটি ভয়েস গুরুত্বপূর্ণ - আমরা আমাদের গল্পগুলির সাথে মন পরিবর্তন করতে পারি; আপনার যাত্রা ভাগ করে নিতে ভয় পাবেন না","हर आवाज मायने रखती है - हम अपनी कहानियों के साथ दिमाग बदल सकते हैं; अपनी यात्रा साझा करने से डरो मत","2025-09-16"
"14","I Sent Nearly All My Salary Home: The Reality for Many Migrant Workers","I worked long hours for a construction company in Malaysia. Each month, I sent almost everything I made back home—keeping just enough for food and rent. It was hard, but thinking of my family made it worthwhile.","EN","Fair Pay & Wages","Family is why we sacrifice so much;We need fair wages and decent working hours","https://thesun.my/style-life/going-viral/migrant-worker-in-m-sia-sends-home-rm4k-salary-keeps-only-rm200-for-personal-use-DK12097488","Saya menghantar hampir semua gaji saya: realiti untuk banyak pekerja asing","मैले लगभग सबै तलब घर पठाएँ: धेरै प्रवासी कामदारहरूको लागि वास्तविकता","আমি আমার প্রায় সমস্ত বেতন বাড়িতে পাঠিয়েছি: অনেক অভিবাসী শ্রমিকের বাস্তবতা","मैंने अपना सारा वेतन घर भेजा: कई प्रवासी श्रमिकों के लिए वास्तविकता","Saya bekerja berjam-jam untuk sebuah syarikat pembinaan di Malaysia. Setiap bulan, saya menghantar hampir semua yang saya buat di rumah dan menyimpan cukup sahaja untuk makanan dan sewa. Ia sukar, tetapi memikirkan keluarga saya menjadikannya berbaloi.","म मलेशियामा निर्माण कम्पनीको लागि धेरै घण्टा काम गरें। प्रत्येक महिना, मैले लगभग सबै कुरा बाहिर पठाएको खाना र भाँडाको लागि मात्र पर्याप्त भयो। यो गाह्रो थियो, तर सोच्दै यो सार्थक भयो।","আমি মালয়েশিয়ার একটি নির্মাণ সংস্থার জন্য দীর্ঘ সময় কাজ করেছি। প্রতি মাসে, আমি বাড়িতে তৈরি প্রায় সমস্ত কিছুই পাঠিয়েছি - খাবার এবং ভাড়া দেওয়ার জন্য যথেষ্ট পরিমাণে রক্ষণাবেক্ষণ। এটি কঠিন ছিল, তবে আমার পরিবারের কথা ভাবা এটিকে সার্থক করে তুলেছিল।","मैंने मलेशिया में एक निर्माण कंपनी के लिए लंबे समय तक काम किया। हर महीने, मैंने लगभग सब कुछ भेजा जो मैंने घर वापस कर दिया था - भोजन और किराए के लिए पर्याप्त है। यह कठिन था, लेकिन मेरे परिवार के बारे में सोचने से यह सार्थक हो गया।","Gaji Adil & Upah","निष्पक्ष तलब र ज्यालाहरू","ন্যায্য বেতন এবং মজুরি","निष्पक्ष वेतन और मजदूरी","Keluarga adalah mengapa kita berkorban begitu banyak; kita memerlukan upah yang adil dan waktu kerja yang baik","परिवार किन यति धेरै बलिदान छ; हामीलाई उचित ज्याला र सभ्य काम गर्ने घण्टा चाहिन्छ","পরিবার কেন আমরা এত ত্যাগ করি; আমাদের ন্যায্য মজুরি এবং শালীন কাজের সময় প্রয়োজন","परिवार यही कारण है कि हम इतना बलिदान करते हैं; हमें उचित मजदूरी और सभ्य काम के घंटों की आवश्यकता है","2025-09-16"